,cpu_usage,memory_usage,disk_io,network_traffic,db_connections,failed_logins,response_time,thread_count,anomaly,label
162,106.58595579007404,118.73789847096134,203.89728166886147,641.6711659295677,740.0,192.0,3598.141943798135,81.11009021990925,-1,1
185,52.14000494092092,55.38374286711842,299.8080385479151,521.2424149676788,1195.0,128.0,5896.821996608973,96.16750570282416,-1,1
187,94.27171087343127,119.31941789436402,311.49435065724066,521.1119680127889,923.0,87.0,3091.6763600766094,64.48643207184018,-1,1
382,23.76104275690193,78.42435758469355,151.30452931078375,761.5128435247,927.0,165.0,5280.318259468168,79.80740710351164,-1,1
383,89.7424497831924,112.68373274462142,271.5928626182958,525.8074256012909,1088.0,61.0,4888.530380925923,76.38531960436906,-1,1
508,45.48521627944827,54.99411040468636,376.6103071734679,683.2827052552293,919.0,131.0,4775.883503647658,91.0777493957871,-1,1
550,45.865897874729,51.38608784253334,276.1193094921483,799.363192001454,797.0,132.0,3693.6413958072008,71.28037748563474,-1,1
581,40.84712086099199,65.32948612920067,115.97825356138972,660.0551044727968,1014.0,126.0,3227.9497288499765,91.1098553802257,-1,1
619,47.23884024279131,46.20409065347008,347.84225025821,631.5097519567503,1025.0,105.0,4148.985192458834,88.57272608181664,-1,1
726,45.184339330653934,47.80132835953159,124.14779333299636,839.3991087827985,1091.0,105.0,3350.7542218310746,75.09966976162788,-1,1
777,92.52481364448496,123.2228946663532,261.0226637383864,714.9108710315633,1018.0,177.0,3301.888003870046,92.9656921463135,-1,1
885,113.46707325736034,115.50353325040284,226.01144061186807,435.4423846702896,788.0,172.0,4269.621572488916,82.1408904112837,-1,1
944,63.466369960476655,62.31150039361405,343.8783467354699,476.2082140560564,740.0,189.0,4525.197748389791,89.11378817388042,-1,1
957,99.56753219153784,112.72803493274569,265.5257630229953,692.8393297842113,771.0,89.0,5650.5071401929845,70.11440696428052,-1,1
982,85.33023856870787,114.58491644432594,230.5787193310009,851.5423070018551,881.0,131.0,3084.395752803226,62.836128484693305,-1,1
1091,44.627777634901584,60.67417134515808,202.4705910789179,528.1741460093036,1188.0,129.0,3280.338039847425,69.31871593842996,-1,1
1139,102.01172742310898,110.8422518127509,206.51992572344392,527.1907020940023,1041.0,167.0,5325.333101384469,78.94172140373277,-1,1
1143,46.25576453471543,63.61293759236771,248.4102823675012,617.3167567789959,959.0,60.0,4148.428740632253,60.321771729886265,-1,1
1246,95.34083468259226,96.63943749599102,161.77597067675265,517.4919957300409,959.0,136.0,4855.045988236063,87.9483450158535,-1,1
1249,29.44104353796373,63.56951609471829,272.2801410402918,650.7709489119211,830.0,160.0,4279.62377597962,83.11452462731926,-1,1
1313,100.57810306351864,109.01583709821456,327.35663921506,924.2632945613371,1129.0,103.0,3641.694338592992,84.37902270232884,-1,1
1404,104.96047685805816,123.801306578024,333.90741854560133,766.1667238431395,1049.0,63.0,3037.2982241263794,89.69626475800123,-1,1
1441,106.73473857485324,115.76591074650425,290.5892476819948,652.3376406711446,1051.0,167.0,3981.31192464989,70.06173068627,-1,1
1443,82.03168052044154,108.23200579203224,264.0265672666873,435.7024248633657,1147.0,71.0,3765.4357792483233,56.23521403694993,-1,1
1517,51.30811684554777,51.60152033876047,273.8727781833465,809.1145650341044,884.0,143.0,3562.551662273145,69.38541493048369,-1,1
1525,55.88748619704186,49.99565694998553,115.14550899859222,762.8762265982386,708.0,146.0,4625.424539344314,72.39717887070483,-1,1
1576,78.8486818409449,100.98177068198648,284.2278549667699,620.0911619608601,885.0,143.0,4689.559695923367,71.2274725202733,-1,1
1597,65.574954697117,71.25637751760715,399.7959453714877,922.4412456057648,852.0,110.0,4678.868842325561,65.48642692668716,-1,1
1639,34.32467085745727,48.16438701132657,262.03116787605137,616.7657683049529,847.0,148.0,5690.460187287288,70.01062676571759,-1,1
1643,99.52371796249732,116.13414232764208,287.78182719265584,570.1669068130659,1036.0,180.0,4481.584067109753,68.90296152078835,-1,1
1647,54.85729995679863,59.55551967389885,232.4729925723336,815.7686099187024,1046.0,178.0,5470.362792429492,82.37250396649127,-1,1
1672,91.0824185095618,113.64929329972418,245.54632969899168,843.2036127298844,773.0,163.0,3682.420893457204,87.7634039222049,-1,1
1681,44.75804393609084,59.27018659512727,164.42124895341294,653.0933299512111,739.0,192.0,3033.758861251135,79.92311593784981,-1,1
1750,67.96767707000762,111.67539728072164,288.3703077293852,866.8813556579328,925.0,96.0,5068.354168906439,78.56451562849398,-1,1
1855,38.293797909233554,58.23214076519036,250.1391465725718,903.4191413773884,1039.0,106.0,5077.385172958389,91.98060405517792,-1,1
1938,55.85786324939348,55.202430298329006,324.4540160145891,802.0976461987249,996.0,193.0,4248.248821525278,82.70618716296235,-1,1
2073,96.97315707405596,106.5476490130838,391.3254690432189,810.9419019078056,1142.0,185.0,5213.985723444898,89.54657957316186,-1,1
2091,48.00474359610829,61.96702940712585,304.59574932562515,1159.919386076548,807.0,85.0,3632.2252316810536,80.75304202827881,-1,1
2111,43.37207093927706,53.47513559356642,296.0388620863133,1184.4072266495525,938.0,115.0,4523.750361943686,101.84004698964446,-1,1
2211,51.04515326355367,64.52498417127593,243.24304704009916,461.06814553566016,724.0,69.0,4235.626590861259,79.45290369615071,-1,1
2218,65.99721789166516,59.533531524281074,211.1578013263526,983.5166435442916,1050.0,185.0,5574.768558367356,74.14967742758414,-1,1
2253,44.87911052153945,47.864206904954365,184.2082763406016,1088.5985014775133,744.0,117.0,3308.4243574322218,80.8669623599809,-1,1
2371,39.51712703509399,68.3591434753599,272.28737327335307,667.3910798232871,1074.0,182.0,3779.172018970436,88.72766878042285,-1,1
2412,83.77455193755586,119.63992206571442,232.15201492122964,856.3754303664616,951.0,73.0,4186.651374232864,91.09282553059306,-1,1
2445,47.6348721533106,65.13733962645628,158.89736339872388,548.6365024277464,1182.0,86.0,3477.09689369848,79.586111008858,-1,1
2457,97.39404500535376,112.82282351663648,150.6742246426212,598.7943037753273,822.0,118.0,3579.186441487488,78.96907331175866,-1,1
2526,49.200944904518416,74.99469724190402,100.14554885639676,654.6560759723945,1047.0,192.0,3283.05048051961,76.10559415027197,-1,1
2590,107.3743813468414,103.5319376511416,187.52987743088133,668.1071173471687,1008.0,187.0,5383.993784375284,81.96583335436749,-1,1
2622,45.838266279293606,69.66237265716721,227.07034990838375,444.5877982165754,1122.0,197.0,5996.020344007649,73.84723651912252,-1,1
2626,109.0336997012519,103.98730341687136,324.6360994213369,603.2203779782426,853.0,112.0,3355.322280335917,79.37972921010963,-1,1
2658,46.71839339793532,57.582832192128016,264.45388167514284,655.1042839278375,932.0,157.0,4536.088204870268,76.54350246868225,-1,1
2707,95.23903043284956,116.301576730273,292.7120301510557,973.310729802552,1163.0,123.0,3400.7169750130074,76.14862792973047,-1,1
2731,111.85014278708508,101.51900280795006,274.0652419794338,806.1201498076509,917.0,195.0,5819.981202183628,96.48348190306965,-1,1
2763,88.68422270834668,104.97433680204333,197.81665889530493,652.0570389440243,867.0,187.0,5400.349981708077,76.3917732012724,-1,1
2767,99.54740912141132,115.36203267867464,267.45514436619726,520.3669349311131,870.0,85.0,5602.866726194172,83.73579316805964,-1,1
2796,100.731278132412,96.61417434147188,262.2039042553848,1041.5650109539022,733.0,113.0,4530.46287479794,77.61725835284098,-1,1
2873,89.153822693428,115.98687658046016,260.2093978402501,694.5308529121652,842.0,131.0,4748.675710262868,94.21413540372392,-1,1
2890,46.41257140087463,69.54341887648067,207.5578230680977,805.7088502243007,1048.0,105.0,4091.7933562196895,77.44608431906302,-1,1
3023,106.53900734255748,105.21824391996768,272.4576572627506,673.9016100991694,1085.0,75.0,5667.351356905818,75.56629909862829,-1,1
3072,47.02328796422802,55.21690030150498,179.10044617883406,609.2995624924431,1018.0,64.0,4364.027068303984,68.60459116215208,-1,1
3193,88.82358323066303,114.60789436395454,313.6184318846008,897.7229705674589,1113.0,131.0,4547.487549573184,78.94735222379401,-1,1
3284,79.3850677755814,112.74023155463117,145.58538923231515,512.7727087738581,1066.0,148.0,3842.8605789333897,69.63200996099299,-1,1
3295,84.24687606950762,114.71543325719313,148.47722386228543,868.6797500085353,1073.0,148.0,3294.498388600387,74.2103351721393,-1,1
3343,57.300005727191504,57.30563073778718,294.27517555295424,434.9459708503062,959.0,174.0,4125.1440621523125,95.13756030729463,-1,1
3344,85.35294574249285,103.61014918334811,253.24318555040892,602.2288729997331,1147.0,94.0,3893.610284842975,64.41018606327597,-1,1
3381,56.90548594343596,55.15837713427671,346.0874924064988,432.8418810174202,1119.0,68.0,4563.337975843158,80.70875680689282,-1,1
3445,33.589914902472614,67.73280945197172,204.94601371101083,571.7145548831423,1120.0,129.0,3144.914379089284,80.64707805139626,-1,1
3453,39.3939236315269,69.01074752128196,145.39776300277697,823.2223677483256,973.0,126.0,3266.286153874471,89.17557652685646,-1,1
3469,92.81346722564965,107.16607438151463,269.7579196965939,761.5206309342157,822.0,123.0,3943.5306145065297,49.67035527075559,-1,1
3503,45.511979018810855,56.64867401712642,305.8747199100976,958.710129241735,778.0,89.0,5675.247542821371,72.85609036953683,-1,1
3550,39.68545448640785,52.86603181668002,318.54852485819976,387.0876534547756,1149.0,60.0,4240.051964567083,83.71983939207445,-1,1
3579,34.33765068100775,41.7496465158319,208.03741745120024,487.2519683771384,878.0,158.0,4158.450828992618,84.72325559685336,-1,1
3603,45.006828189574826,49.59252506131914,224.9977234389845,751.30373356618,1020.0,107.0,5556.444373035123,74.32924767106003,-1,1
3671,53.72315380028451,79.5140400285469,277.8341285631995,818.6298165785742,771.0,143.0,5918.093016832514,83.08715859240634,-1,1
3720,104.95581514002028,119.00631352450128,311.9012844672988,782.1820536107837,1054.0,119.0,4616.971451263051,88.2595277800836,-1,1
3778,74.24411990921467,118.31071386218623,294.3678421068816,751.4443831359489,1037.0,159.0,5646.715700313248,64.70440902659519,-1,1
3820,41.00100937868863,68.15777238539098,283.5792909337165,869.1419880424439,790.0,108.0,3241.4763828312703,79.89906526519623,-1,1
3825,56.7171791471616,54.97737517342774,285.7342586257091,456.8199120847936,918.0,90.0,3744.3610375247017,68.51407608971753,-1,1
3859,43.04609648822976,69.75189361028588,315.37712618633583,704.9209466043554,955.0,113.0,3915.563812550664,88.76419295825342,-1,1
3910,30.847328080758125,54.76236082193554,139.03093926198738,1093.5634943597477,920.0,194.0,4667.017969277035,89.17698000291836,-1,1
3935,98.8831200542345,97.34404046717393,270.23190901681875,791.952697594684,772.0,92.0,5611.5004898980105,89.86344878360941,-1,1
4113,79.69538590256623,113.3867378806116,362.43653535834943,940.4964886479008,916.0,82.0,3944.797169439768,80.11827645479538,-1,1
4137,48.379575282321184,59.85987586940416,231.57881514456977,729.6950713855932,1112.0,70.0,4324.52977684301,88.62214171192328,-1,1
4264,44.40173856470096,43.89630354204829,209.2474733564881,833.6816319900242,889.0,101.0,5220.960163421439,80.94627300113524,-1,1
4296,84.44910631823305,108.66619671795564,248.4733967173144,789.5275847815874,1050.0,193.0,3872.277469282022,58.81042077145929,-1,1
4337,100.03252064749503,117.13856115363107,269.5190071423124,933.7531231961292,755.0,131.0,5250.008151902026,61.86624507242459,-1,1
4360,98.07403569719688,120.97621380831724,297.2089828146029,860.5173141082449,778.0,83.0,5399.201263488249,81.59851776990138,-1,1
4366,89.74369066014616,93.20439164412578,256.72568988062216,968.7131309790166,868.0,150.0,3620.297181578384,92.30954865184236,-1,1
4384,38.92527712379693,60.16859954141351,315.1061842432533,717.5409892617729,945.0,131.0,4325.073254208199,90.51147902165626,-1,1
4408,100.4090851856099,118.12357437933552,329.21199126215487,612.6436006177971,858.0,63.0,4005.480919402563,76.72469860735563,-1,1
4447,95.99886954409212,103.24963633675158,345.8602388829515,649.4816458147558,1058.0,91.0,3227.675094092379,85.92233271305768,-1,1
4480,83.05477060233966,107.9777982409189,271.26124630017074,618.4773944349447,872.0,125.0,5397.054420947565,72.86525425630535,-1,1
4591,46.962409406667206,58.95095324328932,234.90638098670263,505.5945094775839,837.0,157.0,3117.4772723043443,81.02228778666282,-1,1
4600,92.84039479649768,107.93176425171454,363.22293723222106,517.6438261984113,843.0,62.0,5564.299795519446,70.68510699985845,-1,1
4604,34.07858406571267,64.63897015929632,288.61523517232683,657.9963160669337,955.0,174.0,3028.4631322060754,95.7366668306993,-1,1
4619,43.94181242502302,54.12391046149671,250.98965113859137,538.835039365759,784.0,143.0,4826.909839590883,63.18978964889212,-1,1
4628,105.96069907477398,111.0034247081188,213.78925076225303,664.5324018018189,1082.0,78.0,4525.710844999441,73.59376203571587,-1,1
4669,45.35566074032994,66.82363634553101,324.97139365711206,671.3207718486676,1049.0,100.0,5744.64448417403,61.61640410038126,-1,1
4689,90.17090160539482,124.57201357068156,330.96182201956344,914.0355153531472,1174.0,61.0,3494.8902598445784,72.81037230515908,-1,1
4692,54.51306244299484,51.02747094929581,255.7376142315562,808.0161194580814,1190.0,66.0,3354.460507458042,52.25176519659564,-1,1
4795,82.35993832052637,105.92759869126144,201.88689820039707,804.4137646141277,1073.0,179.0,3264.822924127842,78.12001986502335,-1,1
4843,93.58351413989874,106.63897240598536,140.50345265768868,761.5772334465387,994.0,137.0,4221.56722261979,75.10644244503045,-1,1
4864,94.24128549314976,116.58220772172082,242.8025397776004,369.3910800060848,1009.0,140.0,5930.207045873348,73.31208068044893,-1,1
4871,58.601159001803126,56.92743946564127,232.79582978776511,538.1516262473904,704.0,158.0,4463.088831885298,68.08696094066889,-1,1
4889,101.35967750711738,117.56072119877814,252.1685295517652,907.59754431238,985.0,131.0,3721.789946678604,73.92680821819856,-1,1
4958,94.48477071475354,114.771922741134,247.48240452784265,765.9213756768335,889.0,99.0,3042.524695410225,81.68684981853279,-1,1
4972,84.9155126745265,89.58155319021799,149.64515171809512,714.1002772505833,732.0,140.0,4440.748945810359,77.542396913764,-1,1
4988,46.92596918731305,56.42068632416107,314.65192764065523,483.5831431011273,1041.0,74.0,5813.569523201811,85.03377914680638,-1,1
5138,38.07649225766206,59.46506237279621,254.8036309153827,868.526175616835,717.0,190.0,4142.847095333981,70.71848959927019,-1,1
5140,39.258993247164014,51.00240119866935,404.15072787660273,367.1698613555363,852.0,78.0,4980.682771400502,75.12462204989933,-1,1
5195,40.71345473083467,40.88320314269679,199.7202357661293,1014.0199499079654,761.0,154.0,3411.71553690738,89.02784209228113,-1,1
5230,63.07608507769263,64.20125999009065,123.79828601838824,570.840480584378,970.0,71.0,5104.815291371904,85.40484524256624,-1,1
5240,93.98005283364068,107.683803655474,218.1645936910958,826.5020920518904,943.0,93.0,5814.033484155845,73.17993835953358,-1,1
5327,97.17802339748728,106.10625598496682,158.09297436174808,845.3080843634658,980.0,140.0,4530.154903348095,68.95396841321865,-1,1
5363,35.72446669188272,70.59227633008918,212.6242725567917,598.6686752526736,852.0,141.0,3037.6444705748218,92.88387772216662,-1,1
5376,70.7199531749497,61.53937224538746,229.9912600202054,830.8410282049915,882.0,70.0,3772.833799518273,88.92304375638602,-1,1
5457,92.22486381139768,99.4800848362274,272.55481487723944,882.0580649857307,943.0,115.0,4035.8572967445216,92.52218117717474,-1,1
5474,43.301476423222695,61.56982083937826,172.44591264592322,673.7948529294903,740.0,120.0,3308.970788992448,97.24209422572495,-1,1
5484,21.15693211214254,56.51989706230325,196.55747715557368,878.6191535068378,1053.0,98.0,5795.103359571391,81.84322178378359,-1,1
5526,106.18632334154212,118.50493977456622,289.28295385254097,875.2370718838686,870.0,184.0,5749.313287729685,67.386883610528,-1,1
5541,111.6992278140464,101.4198710243418,212.8958932542661,542.981236983559,1046.0,153.0,3371.49158032928,75.2997832477883,-1,1
5553,51.386771398803006,46.0075522961484,188.56727946106747,825.876112077419,865.0,165.0,5419.3601215254985,84.36845349940259,-1,1
5558,44.70783594146015,68.09704199343807,421.0380488398403,732.7077616563294,948.0,88.0,3493.5649640978936,85.5604706681935,-1,1
5615,19.464504039441017,61.17529887207575,209.12601871965435,576.334669868847,881.0,67.0,4891.607461851578,82.54349509314613,-1,1
5671,95.4600638673634,110.57156078870004,259.6816248545257,751.7265991866168,898.0,114.0,4227.233741163077,97.97338054962133,-1,1
5814,20.646876682171115,58.892355603947465,316.4572714417927,631.7314187822524,701.0,134.0,5310.603420002405,90.02083601534781,-1,1
6020,97.49450945930072,100.26953842105934,298.6182971735869,631.6027172995837,701.0,67.0,3207.2114740628467,78.66389405720521,-1,1
6051,105.2003650690209,110.76136796704152,209.168158937794,777.5531388127613,1072.0,146.0,4270.616181654686,96.50560260174107,-1,1
6211,46.25886530576658,51.20815242374354,202.5524755536808,640.7474586072096,712.0,170.0,3827.24024585213,63.09300988301416,-1,1
6326,89.8315311682617,115.93112912699476,367.50458951850914,872.4724203975929,1173.0,91.0,3933.862647909623,71.09025084726959,-1,1
6450,42.27155453659869,49.15019698260271,236.2993151318625,835.4700817479114,1170.0,106.0,4626.416000011841,81.32098232406076,-1,1
6475,101.1596700604684,110.3833996381422,358.5013581301806,1020.378441655452,704.0,160.0,3361.2248142693884,66.93626131125782,-1,1
6552,48.97397023459234,72.08442051182945,177.5675611615683,807.0931059517727,703.0,176.0,3632.7105361957215,60.469963761462175,-1,1
6616,55.89536583076641,60.762314669314414,155.66618642820447,839.484422956725,1113.0,174.0,4589.27037728405,76.84140022485595,-1,1
6694,100.20689496422668,122.6684779437341,319.58875091482287,827.2751295186686,739.0,134.0,5375.157204674631,74.098015021,-1,1
6826,30.04458463501796,53.191286716772055,221.1519842925136,697.8572032180614,775.0,62.0,4147.728265724142,84.68094386720729,-1,1
6827,94.87701550691943,117.35997030187198,285.902619445275,654.957898725035,1052.0,94.0,5366.267221158626,81.602704775512,-1,1
6883,43.10985702317526,44.96220592966623,369.56965090033606,770.6384556712794,732.0,76.0,4881.210319502932,50.55713523234498,-1,1
6895,89.6120969542329,116.30691021913432,241.61647281004872,534.8616605708778,990.0,183.0,3730.960780091382,82.02132375148852,-1,1
6959,95.97155787086248,108.22221236567788,310.6326644858347,824.6967452792902,1115.0,175.0,4331.624629259272,96.54788091980956,-1,1
6970,84.3396782837232,114.2197815658489,115.901119212061,435.1203288517956,1098.0,121.0,3789.787831941231,62.98045495360351,-1,1
7061,50.97537705894728,55.2594008812134,243.85186192070535,684.8964201582916,893.0,140.0,3421.306251327762,89.07402812964195,-1,1
7077,65.59845001737402,67.63073815658342,140.06920890377216,666.6699021163306,794.0,160.0,5736.718114976664,79.26063398463135,-1,1
7099,80.92912805215983,109.35165961121491,261.84288195185434,698.3056818965646,1163.0,191.0,3864.799432974807,91.06435197329913,-1,1
7215,50.63787875006915,62.79760546076607,236.99531091718495,758.2374263516007,1171.0,183.0,5524.092131494272,66.7806695509031,-1,1
7242,36.46176912495623,72.0657460910414,222.24144332986376,774.6463583766117,1157.0,195.0,4816.205974753442,87.36983353247298,-1,1
7265,38.43375929200296,66.1127450020706,190.9277311664756,249.2720472423088,875.0,119.0,4780.976416360365,93.0104214236788,-1,1
7296,36.75387990234978,62.30130136481365,248.33902319409165,849.4834286593953,1098.0,92.0,4023.590397654592,79.50545616671899,-1,1
7390,107.8279496883898,107.13905156541703,156.20007037182458,605.4135585767625,952.0,129.0,3599.3797715610717,73.73732572057953,-1,1
7409,56.79988529689787,65.84829893597004,206.61375463453055,976.8436999535965,1140.0,157.0,5847.89808021814,63.69727544572068,-1,1
7461,44.67957629319513,58.84757712413448,270.19933626185986,534.1263420182802,723.0,143.0,4767.892792249631,62.01410245178359,-1,1
7467,41.32762999200714,48.272266389245615,267.59349672668174,582.9949784744806,1049.0,150.0,3145.642689824175,70.33948908394669,-1,1
7561,33.714093269029654,58.543676300354726,192.3703807109775,666.1959769369046,1198.0,188.0,4426.159389948833,91.4616766065796,-1,1
7606,86.02340614724946,114.65257059233768,220.10377985273252,578.5328965583833,1190.0,99.0,4756.028088625564,79.7978519252029,-1,1
7773,99.44145171087256,101.0789006420473,302.851750706426,521.0857256305165,832.0,72.0,3115.7933111126767,67.99642753635234,-1,1
7823,47.838445673027366,66.87673561510607,223.19130648371623,810.9015317925637,749.0,97.0,3587.258228355939,71.19613624605081,-1,1
7836,52.03492148225025,57.22580394416941,236.55848801627064,706.394723397419,770.0,198.0,3447.594201232029,67.26698648968726,-1,1
7949,95.08857703668896,111.17056528616423,336.3062147453602,640.2649956097237,755.0,90.0,3847.581336165548,88.15691320829993,-1,1
7952,92.29628600864208,107.48125078749771,133.86664750844977,835.1342395821891,1153.0,194.0,3225.5858107871663,94.4234950236166,-1,1
8013,94.44147817347188,86.80771605400888,284.7486576928732,700.9659289621613,899.0,185.0,4307.253279455694,85.04596229488378,-1,1
8138,28.828281099544554,53.8499689660966,196.40272954094056,871.8932532871819,844.0,84.0,5228.204845448948,63.02031964105345,-1,1
8150,49.6725221518279,64.04837686649016,184.3504057768911,600.3435676867573,980.0,155.0,4723.483726584655,102.22118666460412,-1,1
8177,60.28331563486245,70.37810542976779,265.4355443656248,670.5011918458321,755.0,103.0,4653.383443543411,58.8679058277894,-1,1
8240,97.12824398669969,109.05227682349523,260.314430802098,831.0718589574149,827.0,148.0,3473.1777787759675,72.25184385883048,-1,1
8259,47.68812356412154,57.71764716876914,130.0100390306701,939.8292580687072,925.0,149.0,4519.791810699977,76.34531002613515,-1,1
8272,89.67856109826897,117.06698389724129,326.8990053025308,586.1908394446784,879.0,106.0,5462.290945031414,85.71290424040843,-1,1
8304,53.31498866931662,45.85005030392296,259.1801840312614,1065.5180594402732,775.0,196.0,5861.469857867016,74.51838007112579,-1,1
8314,103.63923549962446,111.05280303618623,252.599126936433,603.5058729582187,740.0,172.0,4819.447310712495,90.98192216753664,-1,1
8399,94.62312879257765,113.42534182009167,377.29449514821886,520.7445873399355,949.0,111.0,4456.3855832236695,91.02448913129533,-1,1
8405,71.35144627208487,112.91792265751242,223.97414948774363,655.0851712281294,900.0,139.0,4118.838099796991,81.69003063750218,-1,1
8493,89.44726911986828,116.98813224257226,184.5773689228477,896.188341679333,1133.0,60.0,5992.593784291077,88.36712927202116,-1,1
8541,81.37956629145242,113.77978879091656,283.1519249731275,771.4619062060723,931.0,128.0,4934.393219096206,94.06444305030148,-1,1
8545,64.26285854855394,73.85846924154784,262.60290217321995,567.9554153345399,1152.0,128.0,4279.024468007823,74.66499122134056,-1,1
8583,101.29739514408736,121.23988394541225,165.38998476090487,417.40942275568665,858.0,185.0,4178.059817082056,65.73017173503908,-1,1
8588,88.00399191297636,105.9537097118497,214.49760359611892,881.0453409984952,1176.0,114.0,3789.446827006625,87.24895431120947,-1,1
8617,52.2651162233606,50.2078522123586,221.41441639403743,578.7979702766669,967.0,88.0,4549.616018643037,85.24662334259074,-1,1
8702,30.56799206214206,62.677339350872046,217.05551265961583,786.8905326068807,939.0,144.0,3070.2347052187056,76.01345399962725,-1,1
8713,91.71624740583198,104.86774592399358,226.77035070778635,533.8787225040454,756.0,147.0,3967.590390620629,87.56420118890338,-1,1
8725,91.22576598869672,91.18045143939528,270.554360400033,519.7462619746409,1106.0,86.0,5063.377125771504,93.81318792219152,-1,1
8833,54.43597776272946,50.793703489918016,214.65265433666195,738.1659644158904,1009.0,119.0,3930.817551079346,78.2865659875246,-1,1
8834,102.06505463547252,91.79922139849432,278.4105961102658,882.9712904324218,1195.0,76.0,3424.396964741247,59.34341329879484,-1,1
8835,94.80877820146291,106.0865254399099,250.017143070967,905.5448210187378,903.0,83.0,3625.936386178173,76.25609456073818,-1,1
8846,91.5624348048989,117.215572178811,206.6551190534373,996.7879277068076,844.0,182.0,4908.180249159183,82.6241404925465,-1,1
8920,61.8331457592753,47.99552394706393,288.1625163787894,564.7371202588431,950.0,115.0,4738.118551525937,81.15824194117991,-1,1
9035,48.95307252649331,43.002156168558905,232.78170828946185,900.0744321182053,958.0,144.0,5758.731729320218,79.59019025637416,-1,1
9056,93.16459677983534,112.58221347588304,254.00344076773493,822.5294360023779,1191.0,108.0,4740.124387884909,77.0650879298335,-1,1
9091,91.52475057481142,99.68758083146012,321.5394178857462,652.1449512672937,788.0,123.0,4760.739665660259,77.6298818804351,-1,1
9135,89.68588598861575,109.58157199169828,257.7581099645988,292.7476341266273,1050.0,62.0,4996.15628576336,74.82355022234736,-1,1
9234,106.77000636790336,108.966460129767,231.5869396926188,543.9271353972481,948.0,111.0,5289.820275290429,83.49724252693086,-1,1
9273,55.33189864363148,59.97107099750538,348.7218980456386,633.7457949185052,935.0,89.0,5249.643037609925,95.51557329425538,-1,1
9308,97.20189314205132,106.50366841659796,232.83098611117208,573.9045758669121,1158.0,177.0,3927.129114624396,83.02825139692823,-1,1
9377,57.21804684976701,58.30965203750031,334.52088176168195,713.0912878195261,981.0,141.0,3971.36073398486,76.44379291609803,-1,1
9409,108.558053394315,99.31827897645978,275.99384706050006,684.9080829543066,929.0,198.0,3363.945018852356,74.84797748267233,-1,1
9418,96.07760055452545,124.12732149584976,366.5462344387564,674.3107947670626,1056.0,66.0,3990.923652138608,95.1455348730262,-1,1
9446,86.99777264600095,92.75427308639772,319.86463663414287,607.513405020637,954.0,167.0,4380.52945812376,79.29892716368406,-1,1
9451,49.15802725720445,53.03911712437209,204.76030353228697,948.6392697357328,1089.0,172.0,5472.606588174391,63.93445306911592,-1,1
9457,95.52372768727568,116.6817675648731,221.50695515307604,699.992869236222,1138.0,112.0,3184.14874025596,84.19812282094249,-1,1
9458,55.45460240482252,61.64300445310952,236.6682903165772,352.16639134893694,1041.0,152.0,3692.6934505406734,78.92894423813503,-1,1
9495,32.905646710409414,62.480279443576336,245.7316568539184,714.834617192091,1190.0,190.0,3538.8224555822344,77.30309404159749,-1,1
9511,34.801986663054066,66.82600772302249,248.91438310749248,615.9840010449203,987.0,75.0,4384.642998003405,65.41887720526725,-1,1
9587,100.80999539961692,112.06200619795666,214.8954434140608,561.6231403000152,749.0,130.0,4225.204123481423,80.16499992851884,-1,1
9604,103.5715838842329,91.32016856940832,292.19088024841216,660.7864693402447,940.0,135.0,5035.959785162061,65.46327908674927,-1,1
9627,69.01583661030352,63.68047404677075,155.35431497249866,530.8091455899232,1137.0,117.0,5677.641284620323,78.96070185368613,-1,1
9635,80.93280567440442,107.2612311817412,231.7672498940144,668.9722113623733,720.0,197.0,5028.035548516255,70.46475771671068,-1,1
9701,49.46703610809144,50.69770198709837,245.84259876181048,768.7319789059211,992.0,125.0,4901.677911193953,88.59472557936358,-1,1
9739,49.06094018848667,54.25767755053209,233.52210831622887,1023.69969248456,1096.0,136.0,3819.481093817691,65.0473108035496,-1,1
9782,33.902498721117254,58.79386564041633,188.72408237571088,916.8676631753192,1054.0,118.0,5442.543788424096,64.08760258078725,-1,1
9837,106.68580364273382,133.8738715596817,202.62963614080667,851.9740991185198,996.0,119.0,3625.576323419196,74.76374735042555,-1,1
9958,101.50667628792088,110.18876487868869,203.3082317290773,815.0665963720965,906.0,122.0,5655.987414767994,79.4283658739528,-1,1
10054,83.95548172145004,115.00471614956062,186.49037802494695,713.0166645827456,1108.0,93.0,3666.678186143234,98.02914581912762,-1,1
10061,47.38498925673054,66.58482909979101,251.76670600480864,573.1491926901848,991.0,60.0,4309.5778783035685,79.6935450140547,-1,1
10080,113.4866306896655,100.82133358370372,210.50817949749472,743.7069780641096,1131.0,85.0,5031.694783133164,84.81349374571899,-1,1
10175,42.99428819344232,58.9619029313208,159.1141871250498,344.3501831158157,848.0,152.0,3546.3959816802558,81.69539971390283,-1,1
10214,25.86659665277197,69.94257518185903,217.24837693608757,380.4768699942944,1005.0,152.0,3818.178812402588,86.95608911121019,-1,1
10235,46.46414291842604,59.572575265641895,239.4969054454895,763.4136419916896,1096.0,175.0,5139.750487350215,78.16067023013625,-1,1
10279,106.89642645485236,117.3427023476826,182.6236499681196,553.0909041621694,1150.0,66.0,3105.994963073117,87.67734191221027,-1,1
10339,83.72714476293069,122.13660765985668,252.99404410951223,688.777446965866,726.0,169.0,4664.102497740481,89.53374872826448,-1,1
10369,62.64825883791736,63.12657298839368,237.38675117069937,575.9203019816421,797.0,82.0,4979.57146106151,69.38401179475201,-1,1
10426,44.59795265463621,59.19690729546608,233.6685477487619,722.3256601132736,1107.0,167.0,3359.985129022612,80.28228759763154,-1,1
10485,45.716685538802444,55.94154054383861,227.2776026123135,582.3552958248969,1195.0,168.0,4252.508057299493,92.53151119797258,-1,1
10487,104.622105785811,118.7829053265244,247.43838094007828,839.1240412447175,1092.0,196.0,3497.4560864265964,82.72139571656616,-1,1
10541,46.8411939832817,65.42792122169925,210.94569777454453,500.7559699432144,1011.0,122.0,4475.303776755368,84.94653581818673,-1,1
10586,103.26145616040516,97.32029630635796,208.53453172094228,536.2315783000108,1178.0,163.0,3369.52758945928,68.39302873949192,-1,1
10653,78.34615361759,111.80229375700075,235.33844101430813,588.5959653051417,753.0,92.0,3836.547604555045,85.96821095391385,-1,1
10734,35.15586953824788,60.92176218309705,276.7884454031707,770.6262929716604,753.0,75.0,5008.074948042218,72.62194872965235,-1,1
10788,27.57917542294036,70.81065681606195,212.9452380325077,641.962410398148,1057.0,64.0,4046.428653315143,87.41993607473968,-1,1
10814,40.40258604936961,55.94426995883613,203.53898584539164,822.719554762283,1108.0,124.0,5009.848422888301,87.4015810970082,-1,1
10846,107.70088025254896,108.90983190860324,300.0621520369919,701.573226063657,1026.0,142.0,5646.341560441371,91.55935786054104,-1,1
10898,38.22988823209656,61.14713959016987,200.62798367019863,540.2940497565742,968.0,145.0,5683.727495294252,95.73008858776647,-1,1
10916,94.6457985930849,111.9430066085873,193.96031478468316,546.2002344819873,1153.0,194.0,5211.564296377183,75.52907744974877,-1,1
10932,33.340258143195385,61.133064222701904,227.95103910088503,742.5217600123298,1114.0,196.0,3303.070948909587,82.02347989576475,-1,1
11076,89.47075983763766,116.60423067040004,288.76677065266904,732.3493631981895,778.0,193.0,3461.264508063842,79.59624402550212,-1,1
11187,50.4846327354057,56.93409016076813,293.8805880733397,797.6549132956663,791.0,108.0,5017.89823697733,78.16353308203028,-1,1
11223,28.38419010822008,47.95495096487937,284.2330178726923,364.1924822388891,1190.0,62.0,4485.255837749237,84.82737840734615,-1,1
11227,60.01879133796319,51.587308761377486,318.91702519071816,413.7647737858308,964.0,81.0,5738.68705469887,86.6354025151389,-1,1
11343,95.30140661315178,100.13456177402618,257.31108990706883,657.1025847258738,898.0,171.0,5288.558588064174,95.70221727032995,-1,1
11388,51.05133015758949,54.54774127953432,243.1562416099184,612.8424057586208,995.0,104.0,4985.116128308688,88.27016214776549,-1,1
11415,38.577675215560106,59.00746262223029,230.28666026860932,520.68813833935,1156.0,152.0,5944.148798162783,90.95703850053596,-1,1
11447,53.25557074869565,79.14490882075464,173.3663767579149,658.4218923104515,728.0,178.0,3553.87053715193,92.14770615591006,-1,1
11462,39.22657984291666,63.83808589848879,332.0980989037968,659.8182442398926,1029.0,140.0,4403.570212887069,81.87241709118398,-1,1
11471,43.75451520313576,54.967334375302016,136.9029152110212,567.5399668629098,1020.0,76.0,4479.723451515287,90.7677651050178,-1,1
11577,99.68523602818836,114.67988793372166,319.90702784305967,866.0431918776997,1153.0,147.0,3182.383485012548,104.29318399254912,-1,1
11594,45.12575769600314,65.60266669450651,281.7689834362349,476.46723798022254,880.0,174.0,5708.034491627952,85.07033710609987,-1,1
11697,32.674109358310844,49.18250469183477,121.26779200372002,619.4627543612561,752.0,133.0,3222.1076586583017,75.833234910453,-1,1
11774,58.02928421945811,47.42168965852046,176.963050433837,680.6740402108435,834.0,107.0,4101.571216770512,79.71348985059011,-1,1
11824,83.8176806064397,108.74943176619848,325.9485413421049,701.5484270969779,989.0,137.0,5697.565164671767,87.20781527280077,-1,1
11856,42.62687765804782,42.23123699298544,241.77907373533523,883.9694068794895,722.0,124.0,3262.800896459185,79.45424913239067,-1,1
11875,29.74814563337802,49.078725082487,345.3278798711447,812.9443006629399,955.0,163.0,5455.504174331685,89.45608608328989,-1,1
11916,52.73877173442823,54.21641719957658,288.3281568287279,851.1416854880299,1077.0,141.0,4023.8468244661462,83.4158878890038,-1,1
12133,98.69052048589968,105.0222055066831,288.61967331070537,677.7648091393511,1192.0,187.0,3197.6023711680964,79.0246269706032,-1,1
12160,90.84908663274672,101.33347310736778,225.0947699609732,820.3002005114461,944.0,90.0,3818.9971737343726,74.69608011162134,-1,1
12273,83.1161532925993,103.12681595029088,320.7385292958869,516.4086086063603,1131.0,144.0,4099.475848904904,62.235673437689925,-1,1
12328,41.34219254697994,60.65564598655988,231.02163695767916,529.4784934693188,893.0,95.0,5211.073952948735,78.02124505076034,-1,1
12396,62.84558888853586,51.00836146641221,147.000614280082,849.1019869523691,950.0,166.0,5729.984453090054,97.66153772232482,-1,1
12444,86.46079702479281,105.6521142692896,242.4303462958364,657.1839171125818,1090.0,118.0,5295.705312517814,89.04960793888395,-1,1
12469,52.675090818172976,55.81764353231306,200.3714872295666,735.0992854248345,937.0,100.0,3999.547090710784,99.1354713416304,-1,1
12508,29.74385069954756,56.63365232114915,301.0220262063004,561.8430843068295,862.0,141.0,3502.103750328172,80.21276099392558,-1,1
12553,51.05543982585583,55.15638800499772,288.2620648912257,906.4447613150692,874.0,174.0,3195.1348338165453,88.44741544766536,-1,1
12561,92.66922807949176,109.3470315620646,221.66373839075533,803.6979536307393,1001.0,77.0,3695.1693341146593,75.72409080198278,-1,1
12711,53.6903127553084,55.464263159837486,248.29755640190868,702.2951688761381,957.0,123.0,5698.295886204928,91.75180485521486,-1,1
12757,36.75266020497637,60.38616591156635,272.8329799924048,760.6569939538592,1145.0,127.0,4925.060251659821,96.45873528628286,-1,1
12802,92.72115711618092,100.9284276467762,275.499980774612,512.3624683985292,779.0,189.0,4924.8227411503785,91.467211616752,-1,1
12813,52.26870523744936,39.4557819071175,186.9036931652261,513.5637006384774,1093.0,145.0,4918.9319016596655,80.57921823636225,-1,1
12830,104.39202851662048,106.37668825443548,251.27920221370692,735.369879622805,1100.0,130.0,5254.029922056385,68.67881529020133,-1,1
12851,62.56101589693534,59.111990825331006,122.61853543625652,608.1611792275324,1018.0,74.0,5749.342435990044,86.27191733911276,-1,1
12946,103.2060747590867,115.72415342518082,228.18669054372623,488.5466722489222,1039.0,157.0,4819.478248212135,78.79705147537453,-1,1
12948,64.83373599422575,55.50177321265121,237.819015912226,935.5947749642356,760.0,129.0,4835.5920689356935,89.77720923604335,-1,1
12971,103.3240053859056,101.35168507208915,186.00639887265777,639.7776981721248,785.0,144.0,5054.391838069017,98.4578684872967,-1,1
13004,93.51821466501772,106.97129509184722,270.2652987047353,893.0681780615591,1117.0,159.0,5223.282030122873,74.94508011278896,-1,1
13040,86.03666667028004,114.13855589728956,311.76155431903413,807.5507269093164,848.0,63.0,3754.171441926328,89.8773133141156,-1,1
13073,99.6019768123004,112.38103129176795,187.2799301295032,426.2435206905419,1045.0,174.0,3239.215652635088,72.75796474727845,-1,1
13162,46.85396656467761,50.84932523958842,304.51626785436315,996.2425510939646,1159.0,156.0,5765.902485673154,65.6978134247323,-1,1
13257,98.78226285431508,111.1887788001997,232.0565509446633,354.2660598372489,1176.0,80.0,3949.1624712644025,74.696211136807,-1,1
13280,40.70817709772346,61.45343861696927,290.8970907736822,699.6511298213749,1116.0,84.0,3601.4353864420373,69.08706864873102,-1,1
13383,54.28388679136171,66.53006760989841,184.1089211598044,667.2011874370065,1168.0,166.0,3628.5168312963992,83.8709259245496,-1,1
13413,104.9441442009024,109.46422109100374,366.0589062985615,322.9002676412634,996.0,119.0,4978.712073157908,89.20721563394775,-1,1
13422,88.7615975131274,108.28165234583103,272.5573984002847,749.7746768211529,775.0,93.0,4518.854647385968,63.68194135616378,-1,1
13437,53.34055451849369,55.398699069225934,271.27035021636965,489.5013384525188,1044.0,63.0,3531.604800245841,88.41466744611246,-1,1
13470,102.53601109159814,104.6142972166886,256.92957013844153,749.0729873659496,825.0,176.0,5256.073895025656,69.58802562392715,-1,1
13513,98.38473105312111,105.06477797107844,332.3035135720108,791.678706977284,1024.0,122.0,3557.7444208310244,82.04067400694922,-1,1
13550,52.903490086922886,59.96279730475643,355.60346509670944,319.76501950992133,914.0,176.0,4331.666405872949,89.13710100442074,-1,1
13573,85.48891953257535,117.23763785530792,244.29563891841505,749.0539244636478,1061.0,177.0,5873.120428221189,70.71778479739018,-1,1
13600,36.093039147377226,56.19757120234328,137.25398612218643,603.4648926047366,1156.0,105.0,3891.314178974208,80.50910950785224,-1,1
13644,107.84916784875082,94.59628925098863,269.39911866375843,800.0034595295771,845.0,95.0,5116.331969686074,76.58517504435882,-1,1
13672,69.71933772431858,51.72459156288049,217.65010522140784,655.286603938252,941.0,117.0,4536.809522018836,92.89782405543464,-1,1
13701,30.110777439294232,48.42712497470752,319.86485821751853,1102.6929130926924,864.0,124.0,5432.915807842139,83.94451947166232,-1,1
13731,94.4808164122394,110.31920258599428,259.5591535566421,733.1823240327981,1050.0,69.0,5436.674915593974,74.41596846873004,-1,1
13757,30.12845764290229,67.9302102140479,231.6585852133315,630.0969460742233,939.0,109.0,4299.013140502377,70.63917804200798,-1,1
13768,35.77023101625906,47.73825492997874,290.36165878791644,844.1201511844145,1155.0,120.0,3256.68238396149,78.47146425369661,-1,1
13857,40.86189881378103,58.92157307728562,211.85642236024432,814.0992682496864,1146.0,74.0,5362.065788043208,81.92983712014677,-1,1
13868,51.66542531982631,54.81612677579783,325.8195429509129,579.0471521839874,860.0,94.0,3961.237100906716,71.35876194737362,-1,1
13961,98.60130951277564,107.67068557561066,163.63978414976896,740.9335733916182,720.0,154.0,4257.421058551632,67.42879980532854,-1,1
14009,64.01913148662501,71.13998997121455,225.0035210394315,826.9143375867186,961.0,177.0,3590.6341498665183,79.29788361554063,-1,1
14048,87.17133489702509,112.82993268761332,301.7683326445723,448.7299369132064,755.0,150.0,5000.613474374854,90.75348577732838,-1,1
14060,105.83548523327867,107.75640899383538,205.33614171767744,807.5031350230147,1019.0,195.0,3466.785727017784,91.76785008151904,-1,1
14063,37.55243843215612,51.55774795116138,248.03979384618944,831.2936325495464,905.0,145.0,4334.698537381271,79.16489929147654,-1,1
14113,40.10055979026038,69.70940263753036,159.0941272774143,1193.211470491446,1039.0,163.0,3075.3181625716006,73.62367250327364,-1,1
14119,36.29836842220098,68.34552402398724,294.22788586692883,685.4732736256009,992.0,162.0,3757.536418453549,99.13978453235352,-1,1
14121,92.06433163409112,101.8852572349267,235.8876329287654,699.2617553601405,1141.0,100.0,3677.181731383056,83.41387180758697,-1,1
14122,104.01111781062173,110.16458650499672,337.4207588614901,723.4399671152235,873.0,159.0,3634.165899740135,85.41494196729279,-1,1
14269,86.63812885461675,117.66766488194637,233.65042123334476,855.6018295343989,1072.0,136.0,3510.896838746491,77.62001191709255,-1,1
14270,93.1859396528281,108.84032895276844,410.25371805475777,813.3665028735506,1008.0,199.0,4221.633982011659,83.58753126846203,-1,1
14342,49.924373391541664,69.18792082149335,344.5477602999489,738.4471503231523,1022.0,140.0,3840.3126484818263,93.5229327353361,-1,1
14410,48.0941618514205,51.962563484039165,221.489622705329,221.0467973469698,880.0,159.0,5234.707322265473,71.68009658813469,-1,1
14414,40.55520470122296,61.28688195386569,249.2210776950988,662.411982798162,1054.0,120.0,5476.990940243071,84.47813174611652,-1,1
14482,83.21308868203745,108.65248276232244,237.4280264874244,1070.918471035735,785.0,191.0,3660.850131420476,86.98842245208765,-1,1
14483,48.520386129581205,63.50583017655038,252.3449812488753,513.6820678643187,1037.0,148.0,3024.713428517944,85.64858802985717,-1,1
14526,95.41326831877004,113.03919343771098,173.15371714029305,762.6345758835072,1109.0,78.0,5167.699030589862,90.98324867893804,-1,1
14571,31.43454947713461,47.94994201027809,339.22384050042217,667.9167365533933,1116.0,158.0,3872.9902610881263,55.70816983450303,-1,1
14638,38.34892628981195,58.80550577988826,248.83882168925305,544.7002169146034,936.0,141.0,3749.5743035956857,73.26062829506483,-1,1
14658,99.5262402998012,104.08339173327788,236.31589341850963,776.0574838817816,1153.0,170.0,5704.088661916809,76.89341168237036,-1,1
14748,46.11088351304833,62.61666071115563,219.8656795360974,843.9729864241542,1172.0,100.0,5136.940707709533,79.61945846701893,-1,1
14749,84.55074965377749,119.81380324882394,250.5923650808303,780.0758704008454,1030.0,179.0,5485.798940371582,88.94644044154502,-1,1
14881,54.96462615412983,55.82619640077368,330.7389606091617,624.7133891419572,930.0,85.0,3979.670231054046,89.54490221919463,-1,1
14904,80.35293318382433,107.98367071494216,270.8753853052704,825.2372709482097,1020.0,176.0,4475.726075634573,74.57757492666882,-1,1
14917,63.57590876649665,61.01669085401203,240.2950202919696,518.0635499905278,1092.0,161.0,3656.313524330509,79.52092646102915,-1,1
14993,97.40580757726592,108.32689588728913,303.7342914369779,341.97369649579144,760.0,149.0,4990.084765564195,93.92633496078084,-1,1
15020,101.84104990934742,101.44371794591888,297.457558411118,556.3596730282304,992.0,145.0,5847.733851506521,87.15082925088836,-1,1
15026,95.94176469173642,119.03044109372844,200.03471077771653,633.49395924246,971.0,119.0,3234.1890878281665,62.71636192183533,-1,1
15047,47.01887194291483,70.22998216419005,343.2708567490738,897.319379368507,1159.0,70.0,3544.8684995284416,77.6481452419278,-1,1
15107,92.43644357146854,95.26237327048185,299.8746400807525,714.4637090526907,1038.0,155.0,4829.590479480135,75.71446820158238,-1,1
15128,92.41041165232488,114.15539792051672,288.3941780314627,538.018924277744,1011.0,108.0,4588.740236497095,67.66376656402116,-1,1
15215,61.69246942376501,62.85758653012977,283.1101949284358,763.9080028184875,976.0,130.0,3804.993355930332,82.7543420787952,-1,1
15237,46.607045512784616,42.86176220630878,290.5827865515698,1129.596263681395,927.0,196.0,3228.466245767977,75.13669315258747,-1,1
15327,79.98163075370162,103.93768400457624,287.04024003366874,812.1597653754828,987.0,115.0,4426.172040023846,79.84934559738882,-1,1
15380,98.13123417192992,109.53207961816948,219.87184486857635,608.2878679793065,1191.0,144.0,5703.580173367504,90.86465987855516,-1,1
15389,102.81008954607152,102.39367540062108,228.91962923037215,922.9793619396888,718.0,156.0,4701.110941307229,73.58909336554284,-1,1
15521,35.76570794278607,61.730282245206325,121.14317402179518,876.4187846466227,731.0,87.0,4225.943467090927,82.19121720374102,-1,1
15528,36.090145580465695,55.06482245024462,151.004087453493,1011.858388350089,935.0,171.0,3099.9172477471084,73.14603524816134,-1,1
15552,66.43724586658843,115.11954073366516,197.6017957572288,675.3512804066138,885.0,141.0,5119.454623532339,88.82934283229702,-1,1
15571,63.010451965393344,62.56549136656916,311.2757768424177,633.6089102825422,965.0,124.0,3884.370945350168,87.58576229357297,-1,1
15702,85.51378098791034,103.69081329721246,294.51425227890013,669.005001656711,833.0,120.0,3126.9326374373195,100.20187970727662,-1,1
15745,104.37406282469496,116.48380002397184,247.22486887222547,747.7322897549574,907.0,96.0,4705.296905790852,88.80807523935762,-1,1
15937,99.01058307693631,99.60306899200351,269.2467750951616,895.1722055302077,1085.0,133.0,5042.742960590147,81.6852158193346,-1,1
16042,86.14264399366246,113.10314049667544,365.25403888953616,912.0989914722372,1099.0,153.0,4975.349578269381,91.80854637458948,-1,1
16055,89.67298912445023,113.76534471255891,270.3387418419963,710.4614669620954,1036.0,167.0,5033.486915719581,96.5247886710574,-1,1
16118,38.88171183260097,71.46861960777284,177.27501688741398,1072.586920991922,1148.0,143.0,4468.015022177027,92.11986658587035,-1,1
16131,83.41206933575396,104.52792111423776,283.37377571477606,666.2992136403981,731.0,135.0,3971.410846439576,91.30559913487566,-1,1
16137,43.19864395590149,67.21716543546158,174.7394750791836,1149.0867163167986,1085.0,118.0,4443.993162444647,94.7556838970925,-1,1
16201,99.5596839988059,111.13499289477852,172.23611780897158,750.6252961530704,971.0,117.0,3980.696528948226,81.04794328920003,-1,1
16258,105.27004411787657,101.60555689200476,154.5293619118662,560.9029608558374,970.0,139.0,4992.2020221678185,84.15306476774066,-1,1
16280,82.62646309960832,104.79851428580623,260.1322328216124,571.7471517715065,1106.0,146.0,4864.4984260270085,74.48605562364416,-1,1
16293,55.31738980514059,50.64803977588387,261.3732729035669,600.4045935868346,936.0,156.0,3708.602575374175,43.4691991476172,-1,1
16310,96.8145900694254,105.76875904877886,239.9490087403796,643.7434025071248,1008.0,101.0,4066.0015645924495,78.1171656565428,-1,1
16313,45.97826491852268,48.64065370552018,275.04370641255235,975.498023327482,726.0,76.0,4672.651427345543,86.8681802789333,-1,1
16341,58.919915761813314,54.82230516742792,278.0543822158053,850.2593683627742,1053.0,199.0,4341.637557062088,92.09282600362933,-1,1
16356,36.71859862387103,51.513205393644505,311.18269105455414,269.2275235765373,892.0,65.0,5571.759680229228,86.34798466955368,-1,1
16531,57.81978362376686,55.83068868535965,323.79324629607726,621.0401303144636,861.0,80.0,4929.143835375202,71.95571040199671,-1,1
16532,94.12191648365146,114.7062412423929,119.57064446263186,413.9312016436991,774.0,111.0,4074.7876946104698,72.46133690814374,-1,1
16534,83.24189019660803,113.10669199756438,175.4100794763662,788.3639003430417,819.0,65.0,4090.434220288071,70.91070907956757,-1,1
16568,101.40056081032918,115.09839982250304,183.93686349856893,343.96899321224845,1012.0,70.0,3299.78348589062,77.72348826154997,-1,1
16661,42.79165507962917,67.71011445813168,257.7373554719454,916.648873796946,944.0,73.0,5867.184786842601,77.61511856983945,-1,1
16664,46.06544676434374,66.81464446209836,222.97663440089784,1141.976045842419,1019.0,124.0,4545.609069210588,86.73677717275858,-1,1
16724,101.55960552141374,116.28300192899574,179.84628009631612,1201.7580947846404,1152.0,166.0,4679.288152859857,60.05142109719756,-1,1
16740,97.51592807261738,120.4403533438761,352.76942058329496,884.4137872488905,966.0,145.0,3500.1565774670644,82.18323357074667,-1,1
16817,110.28778835710308,102.06502818650512,310.00680825359655,502.8213514785284,797.0,136.0,5294.321203841999,90.1063477711435,-1,1
16883,44.56454327921119,53.13199277618549,256.35360885192625,580.9643965344051,944.0,103.0,4456.987909324426,88.83166565146551,-1,1
16906,97.96295365503669,121.78971272158498,118.48713725521546,331.644817647697,883.0,182.0,3338.5702830795594,77.5370421729014,-1,1
16964,41.36215470390129,57.68915581397082,292.6209997591033,171.08378996386148,1086.0,162.0,5428.175842477577,75.38873937779726,-1,1
16982,69.71754899686286,115.4598139163016,157.3510078911264,368.7161996794491,1192.0,178.0,3614.375036847786,103.45001437728516,-1,1
17029,49.71080404096887,60.05228866855215,225.30316557453332,452.7635801337104,873.0,139.0,3949.5484582789295,80.48354803263577,-1,1
17128,93.50686578128324,96.05975936503684,270.62583214098765,565.3337855778409,855.0,76.0,3683.288952462417,89.24489289653874,-1,1
17159,44.51504138451174,66.02436654769568,202.78693421096168,400.7246980258099,929.0,94.0,5621.615494361629,73.60128165167947,-1,1
17172,33.216538751931544,61.77458715306364,187.2474355683088,1092.096352163736,1100.0,147.0,3977.945674952029,93.7450629020824,-1,1
17268,52.9393512091051,72.0283154802522,289.13778435656485,891.130542641055,1022.0,104.0,5079.5450534462125,71.9558681457185,-1,1
17306,39.25206772784683,50.96017717713276,329.96642369244233,348.8850166830882,819.0,123.0,4081.3518835654095,89.0473371229469,-1,1
17339,108.7479797005478,105.3567080316152,288.4417753397928,704.3550812296153,906.0,141.0,4590.259469559664,71.35388493770438,-1,1
17346,38.82700930241955,60.89352956464393,327.3649060755906,307.52933073285794,986.0,131.0,3784.563664391598,71.66395395754638,-1,1
17378,53.62057590546545,56.92152886905673,233.39998609742,704.4377116553475,839.0,117.0,3468.3858429338293,46.98985920062215,-1,1
17504,89.76547570165543,106.17513906254185,262.0293595278292,497.98543356871255,1160.0,149.0,3924.413292340544,83.78727453215616,-1,1
17623,59.86159237018532,70.39518705215359,291.8101483782808,550.9809033949556,952.0,67.0,3061.542144719984,84.69429541987276,-1,1
17738,43.77344899692381,60.45661274643937,216.00547315178068,746.782986860395,887.0,199.0,5030.846634660162,78.92607030226904,-1,1
17787,48.22020479655214,69.65369841575566,281.03221906913785,849.2015039005707,1016.0,182.0,5503.585483269762,86.45036369490063,-1,1
17857,100.44322704765736,117.87329156122524,199.04366657291428,689.865361559381,740.0,191.0,3332.426049879095,99.4595305707587,-1,1
17865,93.8521117836545,104.41096701455773,215.59439529783725,698.2143397844553,1146.0,99.0,5254.354110060811,80.97800413642048,-1,1
17947,40.690561995147725,48.7356451412639,190.889316951498,764.741130712715,753.0,129.0,5209.907482285238,89.49729372034581,-1,1
18096,100.72725319329822,106.35562792911534,157.7001593043206,465.3303714370342,1028.0,79.0,5530.4855552666095,73.69134702642111,-1,1
18137,45.74681639454239,63.64518702248669,186.94445296770493,579.1582972535848,1091.0,66.0,4216.853509802552,76.03169651424062,-1,1
18245,99.86885950300572,105.9006812670153,210.32217863993424,523.4423734139477,715.0,109.0,5855.244774355989,86.90604289261468,-1,1
18267,53.21615752237163,62.5116973753584,392.0250685048532,597.7115032293965,875.0,164.0,5197.782015033905,75.68238895518084,-1,1
18288,85.3387347687091,117.12617376241576,196.58034623774583,780.0518099585953,970.0,141.0,3607.846068317295,87.51757925853198,-1,1
18311,45.1764180873502,54.095308170523154,261.09166629277934,573.4695695742612,1121.0,115.0,3840.128640632195,75.91184835580135,-1,1
18376,27.68675421123685,67.97529984074428,304.81765625663786,733.4824789381269,1155.0,176.0,3687.21181091664,93.53321117984603,-1,1
18379,58.25263603127389,46.13406611044026,106.35078346237154,454.2980570212037,1041.0,134.0,4169.694476870556,64.9556541681424,-1,1
18427,38.47601539537522,64.95556987030261,236.41337076413663,857.2610893220143,951.0,192.0,5903.740148172438,71.90740778125405,-1,1
18517,45.72689463035433,67.17631764346918,307.1315767199471,516.5099305783682,756.0,122.0,3955.181422051791,96.624018427874,-1,1
18547,60.69241181284709,41.173946441248525,208.67884679045596,749.5792733138857,1139.0,185.0,3288.626938684003,86.64846783269796,-1,1
18597,89.00278154068619,110.16258999724856,268.90082827479114,584.2705729025806,893.0,194.0,5890.047871524075,66.4949623752572,-1,1
18603,48.205064125986375,54.03487509122634,181.7915907182114,373.6571381007704,989.0,102.0,5235.406645286963,90.8244855678654,-1,1
18626,78.20791909946216,109.58560084407796,218.11439891316877,786.3068477656836,771.0,146.0,5204.259720006752,82.99959077190705,-1,1
18644,90.68900010474307,109.90527840559976,233.55957021812787,707.0295976708603,728.0,184.0,3191.3750710360555,98.69391322901492,-1,1
18657,49.91557919402587,63.58470366862305,258.6650005959166,875.5124827547996,958.0,142.0,5141.1841462862085,81.68569385954584,-1,1
18705,58.173839179398215,64.59426331382906,270.964020247313,923.245221220266,1051.0,84.0,4750.451178519423,81.8270658742341,-1,1
18742,104.91646378260802,102.44736756603052,199.8144191820488,764.9242193315765,1104.0,190.0,5693.612962294774,73.73039310521807,-1,1
18783,41.309998107484674,67.01660125098512,213.7196164927319,805.6953494154875,834.0,137.0,4173.837936591544,105.0262746375338,-1,1
18788,57.59045004063905,61.1080494609923,252.49765346161303,554.6366640204977,958.0,189.0,5615.755357489028,70.5550643958945,-1,1
18806,111.2711805215976,114.0424061189211,302.9236390845484,627.0558042678957,814.0,103.0,3860.1985691037225,69.96848404493755,-1,1
18813,90.87947730215078,105.89365774490273,280.9267533686012,808.1700377349897,1015.0,95.0,4031.032128114605,79.84851046392616,-1,1
18854,89.28953422125659,119.66941240132348,212.5275778467164,970.273309160828,865.0,164.0,3026.152632210417,62.14333073673501,-1,1
18918,76.03998105082111,106.76801862633287,169.05737542748665,851.5369687242519,758.0,196.0,3408.2760213789124,90.25678480771307,-1,1
18929,86.21599522660699,106.46060856082164,236.3919015495592,485.2568244269265,991.0,60.0,4034.3168005918697,69.85019095608324,-1,1
18941,90.66568362359855,105.67483534721636,121.4513800076187,644.9502151169717,1094.0,69.0,5219.196603087148,72.62750470430379,-1,1
18953,100.03328773845568,108.50002396356972,169.05690277067333,572.9398602911747,772.0,114.0,4972.96459507009,76.11354574560356,-1,1
19025,95.90083477540108,112.08684325736446,194.76666610225087,674.4073396666555,1183.0,75.0,3995.802219060981,83.27036352837499,-1,1
19172,83.44970159591982,120.57668434038963,209.17393233529148,687.1435758373968,1190.0,118.0,4043.8523556353102,99.328996510877,-1,1
19185,54.2118903782456,70.34239566658022,236.0625078089996,624.9087414543468,866.0,93.0,4093.582304553392,83.79702054557828,-1,1
19220,100.41582931999412,115.41099902620444,119.23955166955948,522.5561733066502,703.0,83.0,5529.000869522082,74.7815726338869,-1,1
19226,43.16683157976696,65.55396246212455,161.51220842012265,588.8660344279477,724.0,130.0,5440.256683768524,93.03661172642438,-1,1
19235,108.8238274568994,100.3355443194818,284.48830028129044,643.9966904343837,901.0,185.0,4331.7068590278095,93.53286348370334,-1,1
19472,78.48946604938084,117.48979834312946,272.36199472187906,612.2240373272614,1156.0,94.0,3135.7492379842565,78.75428611167825,-1,1
19501,46.01737205839927,63.97648791779508,231.64487691030615,698.4493659035301,1088.0,108.0,5148.767071363314,84.62343001247126,-1,1
19558,20.09718291623671,59.67362903479007,253.08352733542236,790.4282494168447,1123.0,138.0,4500.402131313781,81.13050675051106,-1,1
19603,39.49319153343237,71.88245613979102,232.30397697415805,769.3984788606653,1035.0,91.0,5679.278224211757,74.6606655866022,-1,1
19750,102.97510306878124,115.50050038655137,280.24814881258123,843.0839059242113,1177.0,195.0,3827.522256756873,66.22935197731658,-1,1
19753,56.634949996973816,55.711589782463264,298.185247439703,1087.898176511694,1140.0,184.0,3116.0665820310064,83.77323137174905,-1,1
19812,102.63319451433148,104.21748650380783,200.438521298174,643.1448073520488,1152.0,77.0,3666.5375598108185,65.88416144443005,-1,1
20071,101.80302892060476,99.53740619374928,292.9462523285012,923.7588902220488,886.0,198.0,3838.380519706219,75.97441783325034,-1,1
20090,95.54639441645035,103.75749701015089,235.56883099751943,607.3370409585094,912.0,141.0,3814.067830638457,74.19764835453744,-1,1
20113,81.99366295251554,122.16622260022277,312.7647861812917,840.6043027836947,1032.0,149.0,5508.027661029199,85.1237213738442,-1,1
20118,49.86710530325499,55.217394572923865,237.853330943498,708.0012828445492,1179.0,122.0,3362.690978739194,59.59069087308546,-1,1
20141,42.71681573974831,59.24955352912609,256.0689634840118,917.9049364373813,1139.0,130.0,5623.268537254814,67.79013567680666,-1,1
20144,101.87373242237504,116.2203444622557,246.2939904393033,690.9041034033137,926.0,184.0,5964.978246574835,87.14315148208354,-1,1
20148,95.30233802717336,120.03999227790992,297.94636351606533,670.9494410411617,1090.0,70.0,3114.272973059644,67.72675627434441,-1,1
20163,97.653280549999,105.05414671137204,377.3570425708657,786.0660552852569,1177.0,170.0,5290.991263584327,75.1748534346366,-1,1
20176,43.80840730048766,52.69388559199262,362.1907394322034,351.66777912622985,1096.0,151.0,4136.982405640079,83.92863366274538,-1,1
20251,56.67390678701151,63.27975690659783,176.05665145631338,683.3290628959643,1171.0,182.0,5705.780240467515,79.80885560140534,-1,1
20262,102.94678323045125,105.9178907522432,273.1715091027717,773.3325488925925,1164.0,157.0,5486.5152989870585,81.49960080772894,-1,1
20348,91.78847812869844,124.19402697848564,409.7252122506281,843.0832304778421,1172.0,184.0,4457.674908316234,90.27391036789872,-1,1
20403,89.7644625737255,114.65478774307584,205.86468470202212,305.84185891831817,896.0,104.0,5719.025093682154,79.96926218107727,-1,1
20413,31.906060545667227,61.63470502967605,139.2840520597698,696.939510111418,775.0,65.0,3201.7838951509766,90.42104607184244,-1,1
20431,47.523982066520496,62.80131026826997,240.69247180828984,379.5443125495468,970.0,110.0,3209.502966332214,85.16003292244928,-1,1
20451,47.63035181817904,58.5639713240305,329.6557511203905,566.1462161355089,983.0,162.0,5953.366863400447,81.41606580798816,-1,1
20463,101.43913010296156,106.05723802937,218.10744646717885,463.1766255681339,1059.0,127.0,4165.289984722622,74.0654260418622,-1,1
20471,91.78830600956316,103.62171413870448,286.73392783739115,482.5424253519186,1108.0,84.0,4485.521187353913,88.37628564731759,-1,1
20489,97.02520882733936,108.81126423770516,257.47500360274967,777.4128653728026,936.0,87.0,4717.45956736366,87.91331205766187,-1,1
20554,92.67044986551466,102.61943707540836,220.0882319883844,727.1247695436914,834.0,199.0,5943.896849558399,71.79274407528825,-1,1
20557,98.13223991006564,117.77436230474152,188.41687664623916,603.16222846697,721.0,62.0,5787.983813633673,79.50237183293113,-1,1
20584,31.932770307880425,62.06338763502466,354.918360873644,734.3877323488321,989.0,111.0,3276.778567111208,88.2709869414376,-1,1
20665,59.4139911032176,53.1209795160177,209.2431844565423,508.5592125217856,981.0,73.0,5736.128576726815,62.45245768633658,-1,1
20678,98.1162882372473,114.68711208101256,328.1223469123408,803.9903503386521,833.0,132.0,3202.395698537352,84.0707404104284,-1,1
20769,89.319383856304,109.49632728236767,208.46231756742196,849.4271346216271,798.0,83.0,5206.284371218816,80.47653258465287,-1,1
20844,61.05198015209525,66.19801173739668,346.78735405980467,517.843977981316,873.0,165.0,3545.1970303923545,85.55524654805876,-1,1
20883,41.09248230095383,68.70134065019252,247.801184088542,691.5172899611078,1090.0,142.0,4750.1121944333145,79.75082552908636,-1,1
20911,43.67193697923305,51.3343235830266,247.848768011043,602.1738736004006,955.0,102.0,4146.055573444689,82.58016825198915,-1,1
20938,34.39268376044466,57.29329458677375,189.8978923338398,462.3646697689824,995.0,140.0,4493.233089936976,95.51315303382862,-1,1
21010,47.24590633249992,59.96335530734192,193.96350337304528,694.0473662457658,1112.0,160.0,4340.787306652057,76.64200202515393,-1,1
21051,88.7274253713843,113.55981860565176,203.95586358960347,737.9603839213851,768.0,134.0,5360.1424432126405,82.17669460925748,-1,1
21058,44.71633495570405,55.06990435827225,275.16719017735034,725.5671381594556,814.0,190.0,5770.337856884735,89.46034796018425,-1,1
21090,82.61034055195162,109.82466340550482,223.2921610891877,768.0874423483898,863.0,173.0,5025.095000793373,72.25549592179424,-1,1
21120,56.10497279091577,68.94337312366062,161.78267721529244,809.454733231548,1166.0,130.0,5094.593010029669,86.44699222806892,-1,1
21168,106.80317839177624,102.73946201121323,233.4681237054012,974.2738209742422,1014.0,187.0,4508.317168918598,81.33178264840514,-1,1
21210,84.28781776989291,113.8897226828084,287.7871740418991,756.2379060832544,954.0,83.0,5303.778872539418,75.37468753167674,-1,1
21278,93.38170736985644,110.31665741383516,150.93686969981798,364.93646750781545,1129.0,183.0,3691.034240641045,66.77726402089782,-1,1
21297,85.58197267675044,112.0002526052332,323.21922937371323,802.0174811564857,1113.0,190.0,4709.497070439336,81.77881712878892,-1,1
21305,82.57846649208389,107.83343000004383,156.8202505620296,616.6399091152527,952.0,179.0,5279.090987354216,70.09663419468447,-1,1
21319,40.60281640622376,54.02150389731072,290.3316946212181,373.06925398694574,871.0,78.0,5412.566820276822,83.35040788068478,-1,1
21384,46.880995661527486,74.62283446805588,284.16356268055364,751.1361917795081,987.0,180.0,3189.639245319819,86.44157689872743,-1,1
21404,38.675558079360215,53.79447791101303,217.48230940077104,883.0404446266307,920.0,187.0,5059.90518040054,86.29909255493313,-1,1
21430,54.30291709289618,56.91312238468319,332.6649053162411,971.2520927402971,949.0,118.0,3554.244930118808,74.45738829913628,-1,1
21482,58.82418630007153,67.44278281980282,155.9807418658845,569.3438302671507,956.0,87.0,5791.600903024266,78.02299995241125,-1,1
21489,28.25430374326093,66.65401785563998,184.1611418378356,607.3838278445605,932.0,157.0,5596.027593160777,75.55359895838204,-1,1
21525,97.55354342112004,104.84577059312966,176.08342516494017,599.5811110639054,883.0,94.0,3100.689200417577,74.27100645940496,-1,1
21595,109.30624396998394,115.60536518807248,314.5651532884853,460.8927807336042,818.0,133.0,5434.52067264652,80.39043044947664,-1,1
21721,45.257048820279074,54.30165059312966,304.462881946483,582.3311070318816,717.0,186.0,3934.978119353692,91.16842724586948,-1,1
21737,49.99500796968904,65.75015516409216,266.05715961100617,856.823391319743,821.0,113.0,3736.6135966991415,80.17921262430907,-1,1
21827,85.66365783410558,107.24978265716486,289.8866620645358,775.8276428235132,917.0,195.0,4262.7931615794605,84.36507318137281,-1,1
21829,97.5242875721578,131.89043089055983,238.6965776330592,680.4281007229938,898.0,122.0,5475.574695505426,88.23541298626019,-1,1
21874,85.57738806106039,105.26899739894846,321.2296842730526,574.936343295907,1155.0,78.0,4373.193979477619,78.10080646366646,-1,1
21913,49.876176752337976,59.07384434116072,325.5029016059681,850.8157903184214,1069.0,149.0,4808.281753156362,86.98251198995543,-1,1
21936,35.0435759275584,69.77898489396742,273.4507704719703,816.5237650566582,890.0,138.0,4498.675441568912,78.34933054177708,-1,1
22029,43.77940304630977,66.18363964869843,172.07863549974618,677.6346826486384,1044.0,101.0,4733.278180024614,77.91308267319978,-1,1
22062,36.43387356449989,66.29981821831878,274.1779166286079,1083.703680602741,768.0,169.0,3840.80196099568,73.59805950607034,-1,1
22094,57.98193911696611,49.88782116221508,268.6450223771873,848.4854250060977,833.0,158.0,4885.73508496029,86.81797485991167,-1,1
22099,88.1903316408702,110.70867082565309,246.4007309905312,598.7724376742417,1013.0,162.0,3542.014063943848,90.76735027335778,-1,1
22105,78.98144706115224,108.32001456927824,351.33565720199977,554.6102077828286,771.0,132.0,4094.2919146094864,84.60469425858739,-1,1
22126,96.52782367100237,117.32833960117,230.1132112819104,843.2267953098482,942.0,195.0,4026.322649672009,59.57512961479037,-1,1
22136,99.76584146983392,112.92030959914516,346.6305609242594,858.8469200925867,1160.0,90.0,3702.855207161517,85.25457080419943,-1,1
22343,93.56629735028032,110.1984661048424,282.5599380572942,566.5134516625055,1189.0,187.0,5512.615689695647,95.50267995508554,-1,1
22379,51.744048010569486,63.789483580320095,269.28921158467915,484.2078672445091,1173.0,98.0,4661.060254251869,97.7386205445902,-1,1
22487,48.16435683426453,66.6519268577839,149.23244452458454,557.5074014586114,1157.0,71.0,4849.45607834415,66.07631242138247,-1,1
22493,100.76446492603006,106.8837053321177,281.6496523195368,820.7960803597439,845.0,172.0,5782.690812482844,87.41708947838774,-1,1
22496,81.15911007987577,112.3171826313379,294.0503486612228,723.9844745530236,1113.0,158.0,3669.751281929174,66.62142396573275,-1,1
22531,108.7236394526517,121.70180983621316,232.97492485006424,871.0680678199019,782.0,182.0,4213.63191396772,72.60961136133325,-1,1
22615,53.46011938420767,61.60786474290452,262.0756596399997,873.021611345162,991.0,187.0,5872.582343707421,66.14960305158525,-1,1
22749,90.35937469871344,120.60277653392154,141.98681025153584,838.6394139978751,715.0,108.0,4507.597351503739,78.22871945297658,-1,1
22756,26.54605674777096,73.67045895464815,335.1090920342002,714.5067632000947,1022.0,111.0,4910.306752218847,75.20251021686393,-1,1
22844,111.06347039530311,118.82568631782507,216.78844531992067,564.3101584474423,1042.0,92.0,3274.6853154054324,72.84844226850637,-1,1
22908,117.75855881876863,99.28728744780253,195.5031982747015,847.1849662475643,1154.0,154.0,5539.225857665753,71.06203459458678,-1,1
22916,98.98868124131144,114.44648959679328,229.1751872052166,642.9608917804187,842.0,125.0,5959.953312742515,82.73059103364739,-1,1
23002,92.66410267722,124.63794949810766,346.8148677599646,711.6532399303146,738.0,145.0,5518.005414851923,79.76410510266244,-1,1
23041,48.83567131707065,60.75606547260924,262.27679621872187,669.3047285475816,964.0,84.0,3411.5752993937285,87.87584461135127,-1,1
23099,40.23090072402678,62.2352534367695,249.1472033479175,549.7972599653856,1042.0,128.0,5633.190547118439,81.55181885192735,-1,1
23116,93.63442890796864,100.29079377402816,199.47707200968625,853.8115036553196,1110.0,93.0,3591.5093140564827,86.57852688827563,-1,1
23153,58.76933731588662,46.307735843411,232.3478959057777,601.4576782936056,735.0,143.0,4193.0072307415885,77.26581066616718,-1,1
23233,106.34538331008076,104.89069570185472,273.31015838971604,423.498684832941,765.0,126.0,3194.958039427024,80.75347128696833,-1,1
23248,48.849709813196974,61.70342618794597,188.05677190787324,775.5801269864718,921.0,110.0,3949.899518954345,66.66965465575316,-1,1
23294,93.31993193550431,121.35816531966096,190.8951523521783,1082.2193624886454,1161.0,110.0,3008.460835909414,80.76969250281654,-1,1
23358,81.87503648374982,104.4319106362944,306.8612511558267,840.1981046105884,773.0,115.0,4020.492932071481,75.9582816745469,-1,1
23426,113.14673447712788,105.76162650999962,306.3273196026337,844.9067645325936,859.0,165.0,3347.5990694954,93.96701901117876,-1,1
23436,47.50398697279306,57.59721960053417,158.99824104936815,869.2521266214026,863.0,122.0,3178.3497828765994,92.00814746595408,-1,1
23502,43.610828630250765,62.21604053025072,257.63131940941634,612.6889553357375,1148.0,158.0,4815.892025444188,84.54039251658165,-1,1
23529,33.22357330125487,67.78396734666121,211.13566148674,778.5489855956636,1133.0,135.0,3738.439205508374,90.02659703828068,-1,1
23532,48.66612244294021,65.82474986659062,122.22857751065904,558.9473238289163,771.0,157.0,5782.144437592138,83.17556280747577,-1,1
23573,37.59418459795097,57.62943257464136,266.4764643990241,796.3683260449717,1156.0,141.0,4780.094879946443,74.170991993774,-1,1
23645,52.39118652773201,65.80619127473223,232.40042532107492,631.2439071022475,898.0,104.0,5362.5899301094805,77.52400877674087,-1,1
23696,32.349144019017665,49.35926349223746,185.8078784177321,767.288781749701,1149.0,149.0,5460.264322923986,66.53298648198172,-1,1
23752,98.59692104317048,112.23985142123684,177.74645818886722,675.069664392646,1129.0,75.0,4249.382922759869,76.18291584057565,-1,1
23763,47.43339565264162,62.04553142953104,234.0584634348392,954.7003054067088,941.0,153.0,3033.054340568135,80.6103837056111,-1,1
23848,99.74919873793804,118.31602221719164,328.7891400716595,432.9492075562159,1196.0,136.0,4689.916934811999,84.20098903700504,-1,1
23973,50.52994157671368,70.7185150861249,248.3492714269869,677.2696135054698,884.0,68.0,3567.450931848197,77.87455117631909,-1,1
24024,85.63231399327105,119.32593969998766,270.2033595910402,549.7306780154533,924.0,153.0,5262.702693142805,80.92345051302489,-1,1
24086,44.290918929192415,65.54623601671972,350.66606722128734,822.7934985790512,1077.0,160.0,3619.305016290121,73.27339116376342,-1,1
24115,47.45437622578789,68.07710105216944,314.9938852285277,1005.9013927091124,1081.0,135.0,3477.805175524135,82.88380538952894,-1,1
24334,90.58680995599904,103.3974359507472,260.1557930521837,726.254591026627,962.0,102.0,3552.083880235372,87.65605415767618,-1,1
24428,74.06891852680303,108.43250605987174,268.87480941234963,458.6736215770944,954.0,62.0,4290.032609415124,82.38035146526637,-1,1
24436,41.40799912233344,65.12978859132184,237.25727316511964,824.793621362387,1099.0,81.0,3808.646566929069,91.57523422978532,-1,1
24498,34.43361785294478,55.52051936315695,211.41649415493964,846.9407590019703,900.0,192.0,3848.069304662182,50.86365574715202,-1,1
24513,29.709849755852108,48.37864630611573,249.76925248684844,590.6105186232367,830.0,65.0,5902.142871313668,78.77261504807896,-1,1
24526,49.51775385874691,48.789321412996586,184.33393092070455,865.1249600802014,725.0,140.0,4351.082350366578,70.74134984193543,-1,1
24670,86.79551533227917,110.74186926153568,261.03106976370844,671.1800194482038,851.0,147.0,5409.59525462875,65.59398382978594,-1,1
24741,29.804866617589155,59.41466821162954,263.4960958936069,706.0907491657947,1026.0,80.0,4268.976220664297,89.6953548006577,-1,1
24845,43.117824159809935,71.05980465435917,286.6479409950663,403.8557656081206,864.0,189.0,4017.663651674783,88.01942989849245,-1,1
24926,95.19827153765368,112.31507048673528,224.70869491903312,1019.1814839099584,1034.0,90.0,4520.9454445743895,95.02776480892872,-1,1
25033,91.941805366737,100.22993972197357,255.86954628293788,612.6385769844342,815.0,135.0,3674.363294870449,100.71276627159054,-1,1
25100,97.84735557069337,108.517096892,197.88386101431783,617.8715013900346,1110.0,74.0,4715.218898529083,84.19003829141302,-1,1
25147,83.66180806246047,117.05670474147492,276.689194859256,831.1599037171927,833.0,164.0,5166.636201625986,46.08687869728869,-1,1
25195,89.36196535695623,104.7097323824294,168.52032992938365,868.225444877763,1025.0,60.0,3061.475930569461,116.53041811800898,-1,1
25203,39.58830903214498,66.94912905084473,229.9435003562021,707.8971290210696,1070.0,88.0,3108.837487054792,88.69603269467848,-1,1
25216,101.51448050871107,107.61907394716997,272.54662377686645,898.1919509913266,1196.0,137.0,4306.183940183314,86.09373463995796,-1,1
25221,53.89950096076087,60.91143663705482,226.79306989698864,904.5911427649488,1051.0,89.0,5020.437378395526,98.2094537762205,-1,1
25306,45.93309938060967,39.05014817404317,330.90999470571217,467.4568036298288,1111.0,110.0,5542.243159153982,68.34214691910083,-1,1
25311,99.98264707195882,106.91504025809932,297.58815004658817,462.20989723006426,955.0,160.0,4127.754652795672,98.01132426616718,-1,1
25323,92.82174185168265,105.08036147547314,311.16225726325,573.9429006991165,727.0,74.0,4077.92571632979,84.08666846702104,-1,1
25328,77.26761421737586,110.02949192836032,216.8418000020048,774.1944530448113,854.0,101.0,5048.430426330686,76.48793460678561,-1,1
25471,91.39778228693964,98.59443994419968,207.70272302051583,925.0325067014518,940.0,127.0,5699.474874359583,87.54743368139943,-1,1
25485,106.33942553639172,112.50859708278138,258.6349799894321,1197.7068163556978,893.0,122.0,4308.675798618287,77.63318367550931,-1,1
25520,78.0692714616859,115.2482357776142,231.0976902685952,486.574997449287,997.0,186.0,5047.161779825437,73.75910872406735,-1,1
25537,93.43624522645038,95.63302080497893,247.25179587124856,857.2851891599923,726.0,72.0,3951.452872653788,77.79500711317338,-1,1
25539,49.585508587851066,57.13118362430281,336.9514666006477,514.9516226246365,1009.0,91.0,4539.843175534429,71.99241758049381,-1,1
25556,44.30866435111947,71.3404459744009,260.6673748750033,683.6335648518742,776.0,122.0,3554.1954987039617,71.05306998870863,-1,1
25662,46.76763699972207,69.57119956825855,216.9884887648916,567.9199696302944,856.0,130.0,4403.998908617463,69.12964564277564,-1,1
25703,40.5031587670268,62.17242326646669,328.1073337137474,610.6816854877277,1198.0,66.0,5463.01707681958,75.93539302089101,-1,1
25719,58.10144387633882,56.14442738501122,216.3011157859602,637.4654601180017,1079.0,153.0,5847.274423936018,71.38441921792632,-1,1
25826,90.26788811549604,93.98078157008862,332.4355516563163,541.6540282911609,937.0,149.0,4225.358369264198,92.73937722113364,-1,1
25873,39.361300974946666,62.63543117862783,178.2121565967136,846.4184533175827,748.0,127.0,5899.412701690728,89.29549236797578,-1,1
25894,102.15414041244044,116.50065460725848,235.6952326198006,928.252645147612,1108.0,86.0,3434.351134342657,67.55323123836646,-1,1
25913,98.0203932308916,109.70020409378782,205.3410565084408,648.5163028722804,796.0,95.0,3672.148911068135,57.02923678846836,-1,1
25988,34.87025404180042,51.22565998820996,212.6927592412789,552.7530704157259,804.0,191.0,4626.306046207497,84.85706776717288,-1,1
26039,49.26694842304374,85.51403448640492,220.11724162434135,663.2234680763016,981.0,128.0,3500.411389548121,101.59885356917694,-1,1
26097,97.30706156457694,115.60896599532276,257.53828432893187,531.352430124374,1117.0,155.0,3613.845062910404,82.69638914798458,-1,1
26185,43.91456668477402,72.41202483783435,229.31350157827944,828.4370013211922,1000.0,137.0,4162.702619738597,90.61176155013968,-1,1
26199,21.354846301441626,62.38990387151125,256.1653835757166,286.5858605136825,1029.0,142.0,3955.927892694217,90.48032299622416,-1,1
26214,111.02131218539236,115.18029064231769,247.6521555982474,692.6522534583493,1037.0,149.0,3829.3751226572704,98.3559746378774,-1,1
26334,98.28220331980988,108.1377939302014,309.6457283937902,748.4194200768311,1033.0,68.0,3058.721278972672,71.60711262074693,-1,1
26418,51.60217805135828,64.23814255110233,290.7116059094748,795.8813234292732,1144.0,89.0,4804.519302276235,72.26336201549782,-1,1
26457,103.28875148256532,108.91376353386224,223.7554419621436,554.5263609242385,1162.0,163.0,4786.565291274072,75.71290956062161,-1,1
26640,104.03288121098194,116.64483665612102,270.05656891405965,369.4560902521223,878.0,176.0,3882.727136297018,92.06053699637258,-1,1
26690,99.78426200834456,105.24023837354332,197.13088000379645,657.4254724010718,920.0,75.0,3471.84052326403,87.33996005105742,-1,1
26746,83.01295768322049,104.85311472407491,217.48043769045375,753.3428412365811,712.0,110.0,3414.142392312774,67.79299825541912,-1,1
26754,112.635193328177,118.79791771761232,230.3631630990697,741.9587885321046,766.0,80.0,3211.2770610314737,78.9741552529051,-1,1
26757,95.54777766987374,119.09575893488152,208.08103654295724,399.2545568036036,1119.0,123.0,5063.272579002967,86.55810957331829,-1,1
26771,102.40024252780096,112.21649870720492,208.131965821412,272.1570117436412,1100.0,80.0,3775.286063082986,76.60320422953406,-1,1
26822,86.15032372707186,112.48308685091035,237.16423763845853,683.9359419759825,719.0,69.0,5038.266558372157,75.06541826747832,-1,1
26824,40.51842381214782,69.50891251973256,300.5894076214799,543.15568937435,1199.0,197.0,5664.789944502021,95.98567060942912,-1,1
26890,94.45291528746026,104.4663348486444,195.92205224545924,808.0616028614421,819.0,114.0,3734.049009080205,75.99591996842386,-1,1
26917,51.18351929807918,56.52865075153066,263.64690460770777,361.7672615629181,906.0,99.0,4285.109921190143,81.78765802250486,-1,1
26980,110.06012721175688,112.14220989766928,195.7379106668868,905.5049359760636,992.0,157.0,5838.536661787465,77.38472044559293,-1,1
27004,46.44337337249704,51.67531597095496,245.0590850585953,620.4648548113437,875.0,134.0,5196.8610983416,78.610028941242,-1,1
27038,42.61135608820362,53.82167610112921,238.41622199597072,650.3011577559547,976.0,82.0,4550.18790831975,83.70081876393655,-1,1
27093,55.35946140314855,55.75605103711071,252.32864484312097,809.5068995850512,773.0,103.0,3231.158909775545,60.82076863382245,-1,1
27126,115.49507318183537,114.60230386363476,142.71271772671864,999.3732711416616,1148.0,145.0,3735.3551330360656,100.49247679884031,-1,1
27199,42.4835948531522,63.00503695360158,235.26132319790312,809.7547267964882,969.0,138.0,4305.952268888221,70.33440225020978,-1,1
27261,48.2826704545715,48.45213023186499,329.99814069338095,642.2257853733653,1177.0,122.0,5030.16448220526,93.87380619395256,-1,1
27340,96.57771311253669,95.1590198394047,273.35874661427187,671.2438975168332,752.0,172.0,5076.177752076891,79.2342517491835,-1,1
27382,41.389232347493525,60.199321992615154,301.28521892443905,537.0616180615694,1105.0,181.0,3482.434573326815,97.18722519581848,-1,1
27403,91.75261645279056,101.05342992264976,163.65144439623194,780.8832141914893,1045.0,179.0,3819.068275595063,72.9042552682758,-1,1
27426,64.05904554529445,42.95567901524601,162.55945958010088,597.4436398829882,789.0,140.0,5194.582827186648,80.66408377511696,-1,1
27449,42.90044923267943,54.35419250110284,238.1381523999157,865.7255392780847,1081.0,154.0,3439.1506268149137,84.90465467400179,-1,1
27512,47.14918287141396,61.35767339695524,204.48392885239224,685.7205363712386,1186.0,132.0,5235.851022840554,84.68791305085666,-1,1
27578,39.2163661301258,66.48637228240483,190.3902049977284,722.5361610890423,1018.0,68.0,4061.8471504888394,55.17319884547239,-1,1
27606,89.68640118423133,122.02262339722824,212.32718162409225,851.2542778002248,840.0,179.0,3917.419189093114,96.16261163193508,-1,1
27657,79.19844413108561,106.96148604691297,370.1614260752051,709.0838688099915,1188.0,77.0,3643.9180074981846,77.30904782765623,-1,1
27698,37.77443911539503,66.95230523994037,174.6136442472162,558.1466254866796,1011.0,94.0,5097.630878373324,76.27954371621993,-1,1
27726,33.89520878243761,57.17445528847257,203.6261257981552,781.542055163161,998.0,110.0,5287.794144485464,92.8147156034195,-1,1
27743,93.36342889430128,110.02948719693686,357.92015351226195,484.1421215562443,1063.0,164.0,4890.865941891991,89.1169594681959,-1,1
27776,82.70171094845912,106.24625739560574,307.2499706603315,492.46199218132426,1036.0,129.0,5919.121137564828,75.30429116504746,-1,1
27801,97.12858315226104,112.07458551031031,180.5437549936272,768.88540942479,900.0,68.0,5477.58517842755,85.42431970611645,-1,1
27816,48.3884709644161,57.22458041731715,230.4605849331577,732.277537355054,1115.0,120.0,5496.900613960717,72.35347399405481,-1,1
27866,95.58161711704182,121.52415882752746,160.1117381508145,743.4376992886021,864.0,157.0,3911.0748827856814,95.43243675606188,-1,1
27972,42.013998404566046,54.80053124321744,186.3388760099283,584.760010427327,791.0,143.0,3346.839161723676,81.49255551853715,-1,1
28009,62.96147378316758,62.0015837906535,240.02356866739035,727.7012509852469,811.0,158.0,3372.513828089804,76.46579166118991,-1,1
28033,91.08401481387736,118.75145547161512,196.16487892993104,682.1013673156655,719.0,93.0,3166.9334156162186,66.72861027580309,-1,1
28059,75.01378474746062,114.86702285855311,264.6937299381163,679.4689574497942,847.0,189.0,4705.9511971974025,83.31351141970458,-1,1
28142,43.476624534598,43.59055186207972,239.136227051256,665.4419348667228,737.0,114.0,5968.463706652303,65.39793759483211,-1,1
28165,91.36598016770576,108.00176910678884,345.58451371043657,1166.1826168164114,1054.0,187.0,5838.715347152436,84.04216622611942,-1,1
28172,99.92125050979674,96.56100645572128,342.82479099057633,646.2067146908093,949.0,150.0,5560.882224600097,87.56966352870492,-1,1
28178,95.61424893876614,112.66593576003532,266.4793219208293,856.3224156911153,1132.0,97.0,5008.1821289141535,92.91219844026712,-1,1
28185,30.25951608257072,47.31070384718164,105.74865750036554,863.9063651618891,841.0,124.0,4770.673583768539,67.4703820644085,-1,1
28193,58.60112010506813,61.62560801711665,319.3013111529014,597.2271072582778,702.0,195.0,3494.435476663062,88.71823451497683,-1,1
28214,94.08083177930524,111.18814145309857,220.8348118767388,569.8164025513385,1038.0,147.0,3416.558752182052,104.2445742961884,-1,1
28223,54.36820043574258,78.37452910201777,213.9738450557572,864.115575438176,788.0,180.0,4799.474471542953,75.97315187381379,-1,1
28277,93.1583448219502,115.73543675900162,292.23507671333,945.967715000064,761.0,87.0,3236.8419934727053,91.42391821168906,-1,1
28325,45.30811115197313,42.83456743057354,250.76086128160944,750.2305788095813,828.0,170.0,3363.976931587106,71.19114941521586,-1,1
28354,85.6642474829961,105.38559236393442,232.59147051548692,860.8887903474927,1173.0,66.0,3384.377226818614,86.00818844304791,-1,1
28398,91.04196165838366,108.85690931367547,275.571381224514,823.1646356762117,716.0,163.0,3346.4513360158485,86.69211507480632,-1,1
28503,93.91514438160851,111.8310834439404,270.1355324554332,749.3835220811042,1132.0,119.0,5066.224299655878,80.71570135716978,-1,1
28570,96.3408868558333,101.2196364540078,314.60068506168864,596.1109925354473,1014.0,175.0,3782.249238389106,65.74152048300029,-1,1
28636,56.71401240212619,61.63831875936823,261.2240747101132,757.1584831516388,934.0,65.0,3727.3189457458666,99.72403271256113,-1,1
28762,44.41570246557203,58.18430118902819,240.05666839272,642.0123372479285,1098.0,140.0,4851.2628101333885,95.14145826704326,-1,1
28791,98.84559560638384,104.67977588171972,287.739950181685,545.4479884795771,978.0,108.0,4827.7786718291545,95.13463621364038,-1,1
28830,57.50661507786149,72.4761988862203,244.6591147029719,677.0036159962781,860.0,151.0,5847.994606264168,55.21310596838276,-1,1
28881,92.73133572999367,102.33885454153403,219.1105648959353,574.8113031304106,894.0,87.0,5436.058123930356,106.97374072652364,-1,1
28931,46.16478775030917,55.22621404733707,352.0498192189488,624.2471873845169,921.0,81.0,3862.1875097193824,90.92800466727212,-1,1
28937,95.01651717132437,104.1856760753429,339.48724882191766,353.4759483463631,1105.0,188.0,4934.530778021949,77.2139448032278,-1,1
29005,53.15922285832554,60.46276196319468,280.5769669012539,1072.7545627459392,703.0,84.0,4801.191541882844,77.35728029914462,-1,1
29053,94.37317657051574,126.88902861371736,355.88258108042453,287.127859082254,796.0,193.0,4180.318028887791,75.42696747714957,-1,1
29119,101.79706796632088,114.9756682816608,100.23898924815526,519.7480429492612,1104.0,159.0,3607.435764024223,89.52353003230671,-1,1
29189,95.84216588946444,105.55456441178345,189.8051186819777,637.2803673178648,971.0,185.0,4975.556084906743,78.2724648702601,-1,1
29259,45.97307817443309,68.45548145984849,296.8094542572084,705.9926080656063,1064.0,132.0,4239.297893150507,77.52084063672318,-1,1
29313,45.30686352880935,61.57380801644229,135.910148136421,757.7190456577518,781.0,60.0,4511.84885688058,69.35293355581454,-1,1
29422,47.940410871640175,63.770368509055416,310.32047559030184,580.2695657608931,931.0,161.0,4181.069570393791,94.11371176271328,-1,1
29476,96.86717560768236,104.0878755503391,257.69088025198715,853.4712562702707,884.0,169.0,4298.51226704643,75.05757786320196,-1,1
29493,27.835158394010023,63.31918426869751,233.8583150304152,612.1639589481623,1032.0,169.0,4638.121319767812,87.14915844066647,-1,1
29587,98.93136383522224,113.63152405882084,243.64925633711115,741.48183254039,1174.0,148.0,5878.122927812741,87.66761788356065,-1,1
29625,94.04857719201256,110.73291566240366,238.68479141530224,624.745317168797,943.0,146.0,3985.9895424534234,95.59043057838888,-1,1
29658,27.21721898744933,43.118024877768846,267.6052439417016,786.3002491022202,999.0,149.0,3854.849922358044,77.30564247709962,-1,1
29776,80.28992754462391,114.372194125201,283.5083271941565,972.0132973932796,1167.0,70.0,4205.830546694186,69.91948924627357,-1,1
30015,51.40644320009854,55.1354018152594,262.887530844285,748.9266732402101,842.0,165.0,4599.754978554225,89.40900109732803,-1,1
30019,39.56306956887616,63.94963139745616,241.43150116207627,661.8572666254103,718.0,193.0,5383.00442040252,75.53939649274234,-1,1
30023,90.78240384808302,91.70069575444788,250.9618431048446,801.794591589158,1030.0,108.0,3899.185909506008,79.1657326113574,-1,1
30052,48.20403520609701,46.31311186878693,228.3027368750804,816.2163836766786,1183.0,75.0,4191.291629020855,93.7390506145777,-1,1
30151,97.89853204876836,110.85415592039992,252.9192377890288,760.0112245454011,1141.0,129.0,3656.1161395928807,85.2930258832605,-1,1
30160,38.88297925270486,65.07840671093516,185.61907249908265,849.9747838075396,763.0,188.0,3962.303606732993,60.09824113797495,-1,1
30180,88.31887600366969,124.65788134963002,253.74708828243195,480.5640750002925,960.0,178.0,3356.3475738581656,88.06552165151456,-1,1
30198,51.04905223155877,77.19025428694623,236.81855760750324,723.6063750656896,1036.0,99.0,3212.74022458319,75.78900315963004,-1,1
30199,97.55402899945597,106.97387792447608,430.9173703973689,822.9971280217266,800.0,149.0,5087.155308317241,95.70083948438058,-1,1
30302,116.51541063695008,107.17280235283737,294.1352347379648,852.9429796998959,736.0,187.0,3833.86111569299,79.45633036867471,-1,1
30308,92.7973899702911,94.80026085841196,192.82742339653456,487.08751742078647,1061.0,70.0,4222.640464844261,80.28963775144759,-1,1
30356,71.94822332195511,68.88675687794225,234.97382636277115,689.0546306155921,1021.0,168.0,4532.197644409518,92.13912582687922,-1,1
30375,102.49198816528686,109.62227925157536,218.74180189192944,859.132307432018,808.0,133.0,4746.93006562017,66.55904193097969,-1,1
30510,50.66930965281476,69.56405126715158,304.00037160460585,677.9863530957476,1101.0,185.0,5425.054973755898,90.19549622901052,-1,1
30602,36.67180620115798,52.370519852449554,269.75079911768165,599.0895915039373,815.0,157.0,3943.731154842951,81.46338840432544,-1,1
30686,95.29436690742386,104.71121933509548,238.54289398045032,960.8711059992836,774.0,164.0,3104.0567958295314,78.11205945710596,-1,1
30718,63.83204368330901,64.24336033758182,186.62557659054124,500.2029304000764,909.0,189.0,5264.682308447593,92.67361842191946,-1,1
30801,52.537689306975565,54.891136250465394,179.1582974676067,918.8033133114836,868.0,121.0,4051.4639799177385,83.11600833627438,-1,1
30849,91.99659451690732,123.53616281393364,197.33389180526424,771.5821398011162,943.0,88.0,5040.02960511298,72.36343184624145,-1,1
30934,95.4568432656034,122.11275192074808,202.95183660335863,802.5113540133591,1128.0,177.0,3861.820498317923,96.73425489911544,-1,1
31030,63.23382952760298,61.50565810997527,326.6933686134191,712.049355370944,1008.0,154.0,4856.476109746247,74.55930024900823,-1,1
31055,110.83389953426996,119.78259760615266,234.6110479553532,863.9278667056313,803.0,88.0,4189.429580917806,81.69213248031902,-1,1
31101,41.40701275480969,56.97451229106981,391.5328741834389,782.9214913974596,1093.0,90.0,3158.4763863345784,67.602663052264,-1,1
31221,94.93162802235216,90.93860684355325,227.3050306522778,879.8460402997288,972.0,186.0,4330.859665220831,70.65089154299943,-1,1
31294,98.9774496544686,117.80896659656334,273.9637617535442,751.147479105451,890.0,106.0,4132.90302163795,73.49006081037436,-1,1
31378,106.3779747158208,126.49506599677234,280.52442163409086,724.7131428368479,1196.0,132.0,3213.891472151098,100.67668915409948,-1,1
31398,54.07049818905528,68.08748489655403,180.32209830394865,704.6261181801623,1174.0,166.0,5582.461664937433,91.89192045177346,-1,1
31446,90.31194674789188,106.72392160278866,322.7392513267494,1000.5287380297576,706.0,121.0,5121.20454442369,71.28544696123797,-1,1
31626,107.71555913470856,92.40538368202638,155.40727920593906,944.6238672888578,1057.0,90.0,3030.536837046169,73.94279696479606,-1,1
31687,89.74639996269981,116.5287314608658,148.6676568773571,562.3414331729853,897.0,178.0,4359.658760011697,97.02500643035634,-1,1
31885,39.517975108509695,67.0505125209368,286.0448171101003,606.1191608409947,785.0,119.0,3258.530348362344,71.46186869413808,-1,1
31888,47.29391940749971,69.23836833839039,163.8060026013789,579.8184577573422,893.0,115.0,4516.310545851102,73.58359139164432,-1,1
31894,94.04014904019786,110.57956247673972,226.88359986164096,586.0017945772366,719.0,167.0,4602.744720721317,88.59102959268031,-1,1
31962,23.137216532259192,68.75114011339103,246.85107078846264,965.1579464534612,863.0,89.0,3591.716159015117,70.90024325543416,-1,1
32010,32.423704766222585,61.47066938718599,215.8516791615457,819.6600320173274,1016.0,196.0,5600.5938384326,81.9324648940323,-1,1
32108,32.967128703275,67.27562386384518,231.33668164255783,984.071187967566,1189.0,158.0,4571.114367605057,79.13998641472274,-1,1
32169,32.53946224829578,60.159607025575134,252.84359509949903,698.222828817434,820.0,152.0,3988.6150583610097,73.90385821626184,-1,1
32220,36.20870632012877,56.085365505146456,186.35406051608692,768.8377246498142,768.0,182.0,4635.925193433204,101.48714660533096,-1,1
32240,49.60097198349244,63.61024540137448,276.97531997211485,679.8233680911665,867.0,142.0,3342.01056462835,82.6661904916523,-1,1
32245,87.12853744495632,106.09534766566824,306.2858837423,910.688555536476,1086.0,160.0,5112.853171995156,72.27569752233441,-1,1
32277,37.30276156419169,49.71197460998062,208.78009341683827,1046.2093298397974,1122.0,91.0,4512.261821244125,71.8795522195621,-1,1
32326,85.16648309416613,102.07986488881303,336.8025678343513,740.1843979918353,1142.0,168.0,5906.777780213311,74.90138023497768,-1,1
32340,45.662750660825616,58.24863656690753,318.17489845353134,874.706305558942,1140.0,162.0,5527.106451836375,73.13615839939641,-1,1
32393,33.64257107104929,68.60898334689843,281.70874897405446,424.6156346654935,969.0,194.0,4054.342405504863,78.95098933539418,-1,1
32394,65.7294015749143,100.69219964473945,285.5605722872648,744.7738881135896,1176.0,151.0,4475.197124710866,68.50456958015876,-1,1
32404,34.106112425386264,58.941528957118,267.0382180936276,674.2225952368676,1157.0,193.0,4954.31747388937,86.25095374905808,-1,1
32409,100.2042069495442,109.132530406479,240.1475525544444,773.0552400323729,1052.0,195.0,4482.360678225364,77.44472115883725,-1,1
32454,37.62166802282509,54.11682891440961,293.9204671809922,899.4452574171391,764.0,138.0,5344.2568868684375,77.27361524688381,-1,1
32770,102.0112979816239,114.13938779623236,367.5919200725871,751.5106854896509,947.0,153.0,3912.4055509562586,77.349824860991,-1,1
32776,32.61077848235551,58.83395371548863,307.80494204294,738.1197475403347,742.0,195.0,4513.320581991406,74.51431360337179,-1,1
32871,95.48453495422748,110.93679712343136,268.37330719075914,552.2533197848179,1008.0,141.0,3680.97684518256,79.0922789707729,-1,1
32918,29.639101673800923,47.27336368851244,232.317990971898,1035.342538341827,1129.0,136.0,5852.72921919424,61.05303813198466,-1,1
32990,53.942490069679785,70.22529778578318,228.31152247562036,504.5067364009005,1095.0,139.0,3077.7499250265787,81.01023137913363,-1,1
33101,37.19086534239208,66.66404715732584,235.75117415190397,759.4709383734203,820.0,108.0,5564.188691185565,76.45967874384432,-1,1
33167,92.5717962810578,104.65793122574688,256.7900254355848,602.3007690902051,820.0,105.0,3741.524525556242,96.6248369336823,-1,1
33231,26.96315144103367,59.51117869207471,221.83044354060945,552.3377027232281,790.0,76.0,3549.209301762197,83.7797017703258,-1,1
33493,88.08485878559824,125.68571752846616,241.95164941994625,391.0741991212645,1124.0,91.0,4938.146195225976,77.81853922041297,-1,1
33791,35.76102846736731,60.62833804714466,249.1573691732881,769.1974405474757,927.0,98.0,4158.618223254805,79.91662155780332,-1,1
33803,52.95776574025588,63.31542161561528,311.8637818864189,633.5914430209293,975.0,95.0,5930.683437579461,79.67941867248275,-1,1
33879,88.86339532091453,120.7673041357207,273.0095239123269,495.9235552605377,1120.0,133.0,4489.956974592516,56.456881830789385,-1,1
33906,99.3503945451193,104.80860934685003,286.0221814931317,620.2361819865615,1090.0,139.0,5184.106644737323,80.49296526672507,-1,1
33909,95.63172861102616,104.7928182707304,221.2388735845896,541.6697974015054,951.0,193.0,3500.350483423366,83.24555919158003,-1,1
33918,45.43469775472613,66.07694507632274,214.7258324469356,288.8556274983878,849.0,67.0,4707.304331501863,77.9583291304574,-1,1
33983,41.908919835469085,59.558371852706046,295.85651898235835,626.0382869343264,1019.0,158.0,5041.865700703142,89.5407743978534,-1,1
34030,28.02703850812268,59.76462986074838,237.71936535307856,873.8581782788092,1140.0,185.0,3683.685195543909,82.9304669531126,-1,1
34114,21.982361439688237,58.68300906355603,336.65290045112886,627.7375291170133,801.0,166.0,4554.187211264134,60.92880998601146,-1,1
34156,39.84719941839134,56.6553631654302,435.5195455348448,862.2938090964058,938.0,140.0,3693.051436377902,92.6039606225871,-1,1
34209,105.36399689041087,117.10963466095356,249.44967316374232,473.3513085231611,803.0,183.0,3169.182931096751,80.73548032273244,-1,1
34227,79.21088434553418,115.21910088379416,329.1149597828013,644.6804672558966,941.0,167.0,4404.623530125779,75.71728096953314,-1,1
34269,42.68062582108714,54.2425660390563,199.8945986829442,571.9986063908669,1058.0,94.0,5299.648257063753,95.39270361861098,-1,1
34282,74.93527384963006,97.1939727514012,307.42749766605766,617.0054723209055,1137.0,185.0,3627.455764804968,74.40617502235656,-1,1
34346,115.2178749079965,109.8577283939944,273.71149344929614,657.331939955906,997.0,161.0,5632.163898538148,90.09852474864412,-1,1
34404,57.000559646274425,58.289388564128565,297.20942179730844,459.5215904135606,722.0,186.0,5605.835617290366,82.18917627050226,-1,1
34569,94.01664339740908,102.27225574036274,209.59192244076723,645.3105998343635,1122.0,160.0,4076.830848719441,89.52807926914713,-1,1
34580,109.87358277248644,110.42552900818526,229.69740661776328,469.5789194755884,1076.0,77.0,4490.539948641629,100.7631226408942,-1,1
34596,38.5317822468303,60.82503050185463,272.3158564060543,548.6130983627694,921.0,181.0,4243.318981707261,76.20532803576555,-1,1
34640,64.15264495717662,59.5985673234664,198.2887780992813,598.9226293681138,901.0,168.0,4590.250195181383,86.96620972049962,-1,1
34655,95.37007132004769,97.03076070007796,184.74465235062183,903.9786244247482,1087.0,150.0,4167.883556740178,89.59574609216992,-1,1
34898,57.07953476052577,56.86588184457656,249.32462265256171,751.1865524015395,938.0,169.0,4430.573740271542,65.00234198823973,-1,1
34936,49.21589700135646,74.24549461125143,220.35880349463164,658.9723390572774,926.0,102.0,3166.7124843647885,68.12237007229515,-1,1
35047,30.06522840380245,66.76443506703423,244.86017275746968,712.8133126470823,889.0,157.0,3233.7436820526245,48.18064958903359,-1,1
35093,103.11767841033276,108.97975881207432,206.93689370399468,742.3933103157117,777.0,109.0,4948.060772138018,72.92553624970839,-1,1
35215,46.2443369604736,52.75618931407392,199.360264588472,747.7663216323682,1170.0,100.0,3024.881078685502,84.40816307163398,-1,1
35270,88.17204391498754,111.7256563249569,155.6473333962443,899.2842718188582,995.0,98.0,4585.594424899011,57.03118094827936,-1,1
35289,31.417942529660863,56.940155657292046,244.937263122776,832.9877383876493,938.0,102.0,4994.512846372678,88.70378082962702,-1,1
35312,99.28398610460005,101.60884371131792,313.84242887811547,607.9102436696113,724.0,177.0,5173.072343504165,94.12036292072172,-1,1
35402,50.97715315426296,62.78142595622753,205.08213608698708,756.1107266605537,931.0,173.0,4133.143237735561,69.72305122558583,-1,1
35424,88.32646411823308,114.1681966377363,241.2297060261838,763.9788554044256,1010.0,138.0,3729.36244530613,95.39946033657112,-1,1
35538,27.543944644858357,47.04133328453448,211.7893292413663,971.9139347838598,1183.0,77.0,5206.853011772901,97.71655908519514,-1,1
35559,79.92044618854253,116.89878802086444,199.2465075999635,376.1416252788249,962.0,145.0,3411.509867481103,92.0997634831082,-1,1
35617,35.64743634874584,48.35836869809306,128.6439674173219,622.0735734911664,1154.0,184.0,3371.99571125629,81.17665723076733,-1,1
35619,52.45469992388883,72.16880211975696,294.16932076797866,443.7755484101634,956.0,160.0,5822.711963608715,110.85986363214836,-1,1
35689,99.63076846562248,113.17773135825844,251.9104130459195,605.30108641692,964.0,105.0,3057.7674199806847,80.84458904691606,-1,1
35727,100.56922635200948,106.85227842868672,260.3892641727194,877.0372419522342,1199.0,153.0,5740.779430646341,78.31814179416784,-1,1
35834,84.1873407045411,102.7792117056115,276.4923931932209,850.575708365967,825.0,181.0,3070.7663103456675,93.62992588049568,-1,1
35864,107.43558559582438,114.31577545483376,281.64940541638305,742.1744417026808,1185.0,148.0,5479.9714374323885,73.91545666246542,-1,1
35892,85.03180111743441,112.0607756688969,259.4576540354449,721.343583061888,900.0,114.0,3740.92052249075,81.48922207026308,-1,1
35917,46.57043230120655,69.35568946913813,320.36769697151,937.1645840490278,769.0,95.0,3846.93215829633,64.0162780354216,-1,1
35945,43.42432238831081,65.22185242125241,238.77478425218877,741.9500465290504,1059.0,188.0,5323.273573689805,98.93446619224044,-1,1
36013,45.4825625697432,59.675007540350734,308.15842664766114,439.7677300131691,1050.0,85.0,4128.25530068349,72.19348585469211,-1,1
36038,92.62136333114242,104.8007594105979,257.7773821302911,600.73726218052,825.0,172.0,5037.781825553433,83.27404050840693,-1,1
36055,90.25731179738264,107.38627964425442,338.7360832336849,703.398975219636,771.0,83.0,3276.311997515053,88.55234685043038,-1,1
36103,44.20656252501343,48.90663407377325,145.26788441504922,883.9399859822971,891.0,153.0,3242.1065494430413,89.16598631109697,-1,1
36126,35.562089089784585,61.21833251739362,212.4527100966968,875.6759006481489,933.0,142.0,3773.6030260748335,76.54636851430635,-1,1
36137,82.73849036768468,106.44877253259976,280.76869798212545,605.4492080867317,1000.0,182.0,4936.662961990096,68.32157456381942,-1,1
36618,79.80657926507644,116.080808090787,215.1201958419354,793.8530471691455,1141.0,60.0,4653.237382951125,77.72148077151726,-1,1
36668,91.3504569578338,117.37201985701608,135.17926444050988,1124.987949737109,945.0,120.0,5890.343883975735,97.14445553860328,-1,1
36749,92.67561651211224,105.22814306778912,228.8782398573829,427.3100469872858,1169.0,186.0,5555.596555378671,71.2645777837458,-1,1
36777,107.37359715735832,114.84098513228469,250.05078866580376,751.0549531229689,879.0,185.0,5866.793065807686,87.33112423735933,-1,1
36784,41.92802762326857,63.50289060200501,148.76945898218543,877.7496282622309,800.0,99.0,4254.371149632431,96.97244763166962,-1,1
36824,57.7728706936207,71.28892268037866,186.22156705225544,792.4305489119156,1083.0,174.0,3287.860529947924,82.3095212121631,-1,1
36845,102.92898147586908,117.16077156148,344.0185455346537,720.4888886440724,981.0,117.0,3549.291264759115,73.82837983731825,-1,1
36846,33.51880533697937,55.53151635434613,294.5451752629904,718.7070602001893,1134.0,177.0,4258.953798690192,75.54817822185218,-1,1
36861,48.86897308751973,63.74840852053238,261.4404720523484,548.6912530298337,1025.0,99.0,3016.4522964051785,91.265026874296,-1,1
36937,46.43941993127677,70.93835779750975,214.2435850976145,598.4356508464997,752.0,161.0,4631.361778045055,83.77879175603559,-1,1
36946,47.08888116310556,64.319530383173,361.5959022821273,468.2693909436338,915.0,89.0,5801.311173489487,84.76299751199747,-1,1
37022,60.2914094968599,55.50715663124912,236.98305143481585,557.8085387347753,753.0,104.0,4369.615224363331,74.28483906051763,-1,1
37069,96.16748293219123,99.86998329034648,325.5065012445195,777.111525675878,1008.0,63.0,4656.006558285474,87.34119335338093,-1,1
37102,47.236808238626814,53.333594409333294,230.22282907789813,701.1083398272837,1018.0,82.0,4559.05642345806,75.69354898206653,-1,1
37252,80.5592982520611,108.74092402999032,246.5193780678823,293.7035915195926,897.0,68.0,3661.444184227757,73.28343053856331,-1,1
37276,38.91591350579845,65.51043323837816,162.77598983626177,666.5895492859797,835.0,161.0,3153.315786746145,91.33332408099614,-1,1
37344,32.65734430573254,68.32268642942714,222.8479294049948,732.8655836309159,744.0,194.0,4668.374517742335,86.96227078552798,-1,1
37373,93.73198428336778,112.25026802212555,357.5393233580692,596.3761990214341,1143.0,91.0,5143.210149650656,80.92206918505029,-1,1
37407,88.74313576250609,101.98783437366548,260.12151259969016,715.2231762647007,991.0,66.0,3462.5269168153504,78.84778025436043,-1,1
37441,103.43440859081636,120.57156858325013,250.6194005806092,945.5161061120456,744.0,160.0,5531.571930126598,74.04854353668343,-1,1
37474,32.50809662782064,50.383895226209376,310.7515775869323,761.4183848428111,887.0,138.0,3990.696582778834,70.35592184205522,-1,1
37475,115.61417208966786,112.4403344733557,291.29229811532537,639.6898030477648,1108.0,137.0,4091.365081478671,82.94315755212519,-1,1
37574,54.94757761507215,58.38080700394711,218.2998999954524,787.0338070150763,818.0,114.0,4856.405515118877,85.42281523123975,-1,1
37596,48.13843098902035,63.443286107292174,243.11645127900616,682.6662354581337,956.0,114.0,3451.483570833453,87.1769075020796,-1,1
37613,45.15003532142188,44.974950910802455,262.05500532629696,621.8790636765552,808.0,172.0,5011.554199189873,91.69230063089502,-1,1
37739,95.03342452888572,99.83806746554345,258.4370266932362,728.1872559499618,968.0,141.0,5160.016661625345,70.83071258520188,-1,1
37742,41.32171828852937,49.21790608046206,265.87213918357844,795.1289585800927,730.0,76.0,5505.2382975550345,65.32866839377175,-1,1
37840,31.9835329328061,62.10207192762011,198.7252632012707,726.366173344602,1109.0,119.0,3701.2171988816153,63.5284355252992,-1,1
37856,34.23907153986413,57.19764873311148,169.48029424392064,749.379448040142,705.0,176.0,3853.746042796505,86.7168988914625,-1,1
37858,100.57849821263994,104.1627911355969,85.99580048868225,755.9141627374886,1048.0,78.0,3612.276124158905,75.94230112794543,-1,1
37958,94.5832726458596,98.91498503767644,242.7292220370904,597.5110976398225,893.0,77.0,3936.005867128496,87.59361317683538,-1,1
37972,114.54695283717248,109.0636571509608,238.9272173620692,811.0061619118942,1126.0,82.0,4138.440925156463,72.33150920644869,-1,1
37976,41.214546008046106,64.91844755763825,269.7467636176303,624.3184837216394,1073.0,161.0,4339.382186591387,83.05107466791003,-1,1
38016,46.82096222330757,44.60958158054711,185.8584794934308,481.2001546396906,1032.0,111.0,3774.283140754192,72.53135032954614,-1,1
38024,35.85518907516237,62.206207205618405,290.9983393121637,624.9199071564948,1047.0,88.0,3186.939744336109,84.7236804963019,-1,1
38046,50.37215637609962,61.85429725285252,223.47452971270783,494.80973471915024,1027.0,176.0,5265.140129790121,90.56264860985527,-1,1
38146,97.09639217149706,104.94884731433493,176.50336764027537,374.8491106052052,1188.0,74.0,4510.257615671084,98.75580361662654,-1,1
38181,92.05171917026706,101.49319233652712,236.56945276188213,885.2136747549735,717.0,126.0,3837.072847403256,77.91663809674391,-1,1
38188,43.45421616981216,51.42468799980526,355.62693004882243,664.6305258887492,1018.0,105.0,4553.413302226951,82.16380540370442,-1,1
38287,85.33165787267967,109.54300627491372,266.04941283363274,584.2233596434364,738.0,88.0,4411.100860591822,76.28637918430836,-1,1
38399,89.17043078678992,113.24482231725663,225.34311405735815,794.1294179095208,745.0,135.0,5516.727984160526,84.61540866389872,-1,1
38429,64.5969150059415,64.85404980791088,203.8311081399945,510.7919756518158,1194.0,170.0,5943.547795922842,74.2607429641752,-1,1
38467,89.80632288917639,101.14708924605316,169.5251029483233,711.9635798757245,1170.0,76.0,5965.755730898715,80.9734770055288,-1,1
38484,39.301877983303264,54.598261619690845,284.63430025961844,590.8805168690566,702.0,79.0,5138.011909917666,56.52721132214789,-1,1
38495,92.01097986495796,105.21787227955936,233.17410105429,622.5527837256279,1183.0,170.0,5251.698450749791,72.49742432590537,-1,1
38534,34.63692682262082,61.85572596543889,244.9611647451311,797.7325493229188,1084.0,114.0,5223.016334814752,77.78640574107638,-1,1
38556,97.72231747407926,127.60104564590864,192.45588798581028,476.22432820404816,1157.0,131.0,4358.8529528797135,86.52089357454165,-1,1
38613,46.482246580293,54.58704802383993,271.1486939498019,662.4040562931531,726.0,125.0,4030.046464056776,73.56607978579818,-1,1
38729,41.5063404011688,60.50849664859766,161.3310992166538,693.2554215888644,1146.0,79.0,3539.281235039356,77.63959482512983,-1,1
38866,37.38442663533187,47.60662216354415,189.9861566203693,1078.4648833797833,1170.0,113.0,3137.3603750806083,71.56488080875414,-1,1
38890,101.6135701846122,108.48786883689284,184.67554667341085,736.8886051735998,1154.0,95.0,4848.170956838872,90.3325812577056,-1,1
38958,38.078110062571625,65.56846827470709,227.3719262766092,785.4985379129778,845.0,71.0,5194.795424741871,68.82851333620128,-1,1
38989,37.917980954909005,69.50788602425924,390.222873204326,358.4415026181281,856.0,62.0,5092.197650986869,81.40198799908715,-1,1
39099,109.89017659712589,101.44481814135987,216.89296564927835,861.9589845141584,1041.0,62.0,3214.803819228588,81.05598680633578,-1,1
39112,54.69096846026754,51.13567591109679,246.74292740796332,470.5783503118055,859.0,158.0,4828.364115734954,73.50762171091611,-1,1
39298,94.80936602146446,109.29347335642392,345.1832623942278,969.228116946706,1162.0,168.0,3447.081447957422,96.16687603558655,-1,1
39346,60.51779919298436,54.93338012156601,226.56659283637197,761.2332715850479,1158.0,160.0,5072.101990176518,76.33754397600241,-1,1
39367,99.94672765566466,118.40195015199464,113.88178746411208,346.502280516742,1030.0,95.0,5565.3424705671205,68.9695775895892,-1,1
39377,41.46772541495737,58.27687381738175,247.82634502395388,805.7565016519424,1084.0,72.0,5481.730438670676,84.26386378964662,-1,1
39385,47.90888941970788,55.89203198391192,251.73779614908065,702.174888144777,1172.0,134.0,5504.300930955116,86.3603992571424,-1,1
39436,83.19084327674713,121.78709937856564,289.82032563245906,504.0581349537175,718.0,143.0,3912.396364383559,69.0593627793895,-1,1
39482,93.75215417608868,120.3640932755219,316.2251751577372,715.2383702008519,927.0,77.0,5116.50929992483,91.14113185973902,-1,1
39558,44.58197066746812,68.60433158308285,192.6539406474206,760.5277735453349,882.0,68.0,3827.9832925014543,65.75898162127947,-1,1
39585,42.03001792527448,62.87712809446734,271.5889481350001,807.7173456226516,844.0,185.0,3005.581742348549,73.12322016815027,-1,1
39587,47.73337644138469,55.112816559215865,187.89020610585436,791.0011264050302,949.0,70.0,4834.420381689981,67.5339258142137,-1,1
39699,48.22898686169141,74.29780826292205,163.07807270362804,859.3552680426977,1086.0,84.0,3458.2422652523137,70.84795449966333,-1,1
39749,48.00080455519917,58.36713375501693,200.3210239186547,1083.8181007289688,1021.0,184.0,4891.176740285279,96.44452511482768,-1,1
39770,99.05045348274398,118.58816184447636,163.5140980274838,786.4691519532336,1066.0,152.0,4672.054139178402,75.70734454886885,-1,1
39802,30.331740300614303,51.33898698413037,245.32725734857087,507.9411146615058,1015.0,103.0,5300.486115498832,75.95983172655681,-1,1
39832,44.28120151663706,46.7867393707544,199.96757389889356,836.8545953870379,762.0,80.0,5519.250979345174,85.44958764070968,-1,1
39833,49.95229803443506,64.16451993790585,170.2952485794586,703.4722374494318,838.0,79.0,4305.661706720684,78.3290166517505,-1,1
39887,88.07918768882021,109.74224141697974,280.6169595278488,676.3370451850096,1119.0,168.0,4885.322874744511,82.95650718382801,-1,1
39948,108.68501080028192,117.7547136543132,273.7306115516992,545.2009293787253,746.0,154.0,5414.972968751245,73.58619750887264,-1,1
40009,26.688839083995568,38.21548344179652,143.7418226612474,905.7946477554082,1198.0,87.0,4744.940027823217,93.70604074726442,-1,1
40047,96.00666038574238,114.86293788629592,317.1105674976308,927.9964117535992,810.0,169.0,3337.373097711129,77.21973059664984,-1,1
40388,45.56239761911454,73.09300092245357,270.601106093171,601.5385041585138,1159.0,125.0,4270.598721136164,94.16981259663348,-1,1
40398,53.20229107712669,62.945149321827294,331.1188265657516,608.7805689397145,711.0,98.0,4578.237202118056,86.04088567078409,-1,1
40413,94.3966072456589,120.5372714067164,234.05788482469825,724.8877632270509,1067.0,169.0,5611.958268870561,79.61138051229031,-1,1
40427,111.47822412520313,99.03947985662204,152.30420802135853,409.5314055474147,739.0,195.0,4279.647413258629,93.63290130084576,-1,1
40647,101.16953185154208,113.2995762467788,298.1473337146702,619.4413248605667,1162.0,148.0,3522.618927050806,84.66893285221833,-1,1
40705,55.33911193815004,67.60148373668481,283.1329977582796,558.5423255980668,931.0,149.0,3577.2562118638048,74.26881864221558,-1,1
40804,40.20528517830735,48.13132850006434,278.1462608723661,829.9256358723343,778.0,68.0,3561.8305923050384,87.7252090878485,-1,1
40946,110.18576712984056,107.18553671716997,278.27283075537315,521.948336281564,866.0,109.0,4836.0604323860725,82.79500459898325,-1,1
41007,93.45883044221527,104.826010739619,205.45880534922156,814.9743720304707,1007.0,135.0,3770.6425663193495,82.66101504799111,-1,1
41082,75.79535829867794,112.89099789388324,313.16877587368225,450.5883720637919,926.0,69.0,4584.543401935556,79.65790136431241,-1,1
41136,38.597835337657415,63.04619099298556,294.1237009370739,906.6478051318504,929.0,98.0,3739.382415058945,79.02714632131041,-1,1
41159,47.91340548586578,57.73510841067407,209.56738413634363,589.1976211748496,942.0,79.0,5532.208946762455,81.23494690391249,-1,1
41202,55.05207728131381,55.25926219710294,177.28164872191027,682.0449901671603,1106.0,82.0,4632.657539188507,108.4380331084788,-1,1
41293,96.65904714363842,94.15829660093846,258.3281153814813,676.648451711423,1039.0,167.0,5380.777884333687,82.96087428599529,-1,1
41459,56.81832557152932,61.67167413407201,177.82029644033585,519.4717438593269,741.0,145.0,3813.667889438588,72.1001192060999,-1,1
41461,43.136166593002045,57.43452416133962,203.1582008588677,617.9263098730836,757.0,188.0,3435.5610028117667,82.79906046725209,-1,1
41646,101.26041662451584,115.5471632496292,231.48929478638044,185.175556462715,1179.0,170.0,4701.744151838863,77.36454857755582,-1,1
41811,102.44795441131278,108.6827585231291,276.63693231040213,914.2162486773144,845.0,192.0,4337.212291809222,60.339683996096376,-1,1
41829,38.84133522154544,54.36361623396195,159.05801744535813,430.20292748716014,884.0,94.0,4557.978588158008,83.93152197035899,-1,1
41838,32.17205245613256,63.333487873926856,226.343461244857,311.7116682419434,1037.0,175.0,4398.319550151921,78.80871452995797,-1,1
41843,99.7208395304154,112.06945724866644,231.0152784013173,787.7885489123138,990.0,90.0,5875.736734397939,88.98464874515126,-1,1
41864,45.07946780438787,50.75433298294341,311.7500195139791,410.603600925175,1155.0,107.0,5425.022177109622,84.85658818885737,-1,1
41912,93.10279597462554,99.0545049576566,234.128418159644,857.0091487047332,996.0,111.0,4214.891154522748,99.8565678109188,-1,1
41919,30.575555791007595,46.65541805705435,125.88920883707011,716.6595494465406,953.0,168.0,5541.911514861298,82.8506357951641,-1,1
41958,104.94624773349048,111.48976831523495,189.11670229653305,956.2826117768408,1107.0,135.0,4986.92037661519,78.23444637663773,-1,1
42227,45.93460108060844,76.21735973796255,315.35367755792515,818.4026699143351,932.0,84.0,5487.915841354821,84.07537893648559,-1,1
42269,57.69232793779235,48.02153698229803,278.04753231896126,684.1358901666459,1098.0,112.0,4536.898446724549,69.02167000412467,-1,1
42334,31.21888742622601,73.77606788868438,314.4882462619102,515.743960695965,931.0,187.0,5846.251420276898,89.94787279638626,-1,1
42356,94.02639172183864,100.7414728192413,189.6206458518464,831.7030086484958,1108.0,129.0,3173.1457249628597,72.06123087072562,-1,1
42383,87.22254896333679,116.99160904557394,185.2485162966809,690.1967030591088,962.0,165.0,4788.016724097319,70.891576495562,-1,1
42431,95.26094801463351,113.67474175229368,291.5624892444561,742.8598756908456,967.0,70.0,3446.365928133051,88.86603149455624,-1,1
42433,84.57730913677376,102.85425844231668,151.55018704020443,506.3278736286675,880.0,153.0,3742.6234969117695,87.97634465495283,-1,1
42506,57.02405356974703,58.59963241622444,207.3425503496873,627.0383382670688,717.0,126.0,4951.11148405457,66.46683055661069,-1,1
42518,110.21388096285818,114.58472924056646,225.5828347091877,654.7621853730508,1131.0,128.0,4687.113390928625,76.41063984526623,-1,1
42545,27.95472257598668,54.25228236221485,174.04116792108954,506.6165046141981,871.0,70.0,4673.210569556362,78.28748589966979,-1,1
42556,40.10101296341415,66.19230212067302,165.5303953085682,596.2643544289098,739.0,123.0,3097.054502695328,75.7556657825039,-1,1
42681,44.67574308257738,58.20744898552714,184.5072149400682,473.2707014367784,1103.0,88.0,3323.4287652014773,80.7152037255977,-1,1
42842,100.14260657683144,119.44089260324844,277.60054649538563,607.1128842701281,797.0,185.0,3825.487973472188,87.93437790399975,-1,1
42912,99.63020798000724,115.71474609125558,267.6874957803011,702.4976755565682,1184.0,187.0,3636.3066882356375,52.17260213215605,-1,1
42914,49.023397301567215,70.43384211308863,273.2138143620789,891.8202288968189,974.0,175.0,5719.117835869856,70.3667340117093,-1,1
43035,101.4688655581396,117.96480289886284,276.45534817286784,1050.7251727061696,999.0,109.0,3797.310674968688,85.59316701019786,-1,1
43081,56.2532217244566,60.30103401708519,259.2525452133848,648.1880839275628,1122.0,142.0,3346.8112485737224,79.37317840412182,-1,1
43150,98.6875399181648,100.18337070604802,391.6948290096763,457.9613878226564,899.0,197.0,5565.479050331078,91.63904503817388,-1,1
43306,85.1735985319416,106.62025088274925,222.51282263926848,697.7971096503545,782.0,153.0,5633.988927598002,72.06397246910154,-1,1
43323,61.060854868333614,112.99826991610166,193.24782296742933,1132.2718118174434,1079.0,189.0,5676.894824595782,100.96704041745548,-1,1
43401,96.88671572673448,109.70745551463696,250.21448234963427,709.6295246689349,811.0,131.0,3088.656572770976,80.56616913889205,-1,1
43409,64.1198823819748,55.021437602809065,216.13724765501968,897.8307366774274,870.0,97.0,5442.077619024235,73.32080001401239,-1,1
43415,38.086672274639184,64.40018672747226,289.5932196437389,874.4195897771419,727.0,139.0,5716.443925214549,107.43081423008776,-1,1
43450,30.9538832884465,58.92067871610598,202.8951156577356,844.6762806483675,856.0,126.0,5916.61889280081,79.93729937535716,-1,1
43475,108.73822982790128,93.91101477146256,244.06094816403356,327.03303349043046,977.0,156.0,3303.485490979496,84.21578991712765,-1,1
43525,108.20042761351564,109.61353051595202,174.32350134461407,248.57927215963684,806.0,88.0,3208.688043856569,94.52026843411107,-1,1
43569,108.43576642959256,114.23517106832271,230.0043162570768,957.0535391402886,1062.0,183.0,4045.9145541498897,68.05672818708669,-1,1
43665,98.55631240580676,93.79464650062516,125.66669388914669,384.7725379881816,1194.0,73.0,4597.233800225463,97.13167829048724,-1,1
43740,94.1730871566333,122.07121016395593,213.5400789758552,254.8196113456146,1097.0,81.0,4038.97736600897,79.44075409308314,-1,1
43825,103.04265741202434,119.51501496297912,209.4541262444704,622.4890108193242,936.0,188.0,3441.7745654224404,86.11098881240723,-1,1
43852,92.91552858455226,107.88986740107173,135.64204203508814,1022.1240691565456,714.0,106.0,5910.30981930238,70.95703800673301,-1,1
43915,86.45622161804872,98.81443514510374,401.4590124986959,634.4553599571096,1186.0,156.0,4836.446952963404,78.02946413255192,-1,1
43943,60.35171493953096,67.19317657913392,249.2011033341489,590.511938550921,961.0,82.0,3676.426878884011,74.12788360128305,-1,1
43993,104.91756518813494,122.91877776360678,252.7904961507925,940.5140740047128,1097.0,114.0,4635.001595708732,82.48378930402988,-1,1
44055,45.72924396326239,57.28983726839071,246.3109046183416,650.411273199411,856.0,107.0,4533.877307575154,81.88121821664068,-1,1
44094,37.2781975493754,62.28586311194703,239.6016141118508,726.995280027566,865.0,177.0,3059.19332645395,90.15327896820926,-1,1
44133,44.973937689941785,60.70370881708259,276.0067833969157,629.8097530238119,1034.0,78.0,4089.5959511106057,92.56892334239696,-1,1
44165,48.26338780395426,74.24397839905356,264.4770367495442,727.2234116616283,877.0,133.0,4480.1276481344685,69.69248815869462,-1,1
44178,94.16558139352928,112.4451436717064,332.27801200395714,591.6004145433707,832.0,60.0,5858.392590902216,83.94688896931065,-1,1
44240,52.599784198395646,59.93861768519951,218.17109639616783,741.5206231045191,1174.0,97.0,3345.7173556728776,97.99916391664075,-1,1
44396,70.1430509537942,62.99177512055135,277.6321108271853,705.2952739718986,1182.0,102.0,4563.434327721558,79.89960640605668,-1,1
44489,43.66003918331021,47.14060680144743,216.4829666217728,575.1168428607401,815.0,114.0,4710.245139010687,78.61159599831915,-1,1
44504,70.78112457464904,118.10132157778467,230.37413512910604,739.5753087494393,721.0,112.0,4835.795744888153,76.15452022296796,-1,1
44522,38.57601013158986,53.541374102224765,209.07222585804917,675.6755150294903,881.0,183.0,3157.5409110617165,89.55630328351316,-1,1
44556,85.35556423647706,112.37220298165602,156.42417643254765,887.6365343060529,1009.0,98.0,3060.588081801703,80.62552939041834,-1,1
44600,100.58859577674748,107.80975299273877,247.84396178997,452.1579982144027,805.0,146.0,4585.426112861454,75.35036035386963,-1,1
44635,49.693193966985135,71.45495333264628,262.75914193835206,794.8594904053958,858.0,153.0,3466.02174253594,75.9177754959889,-1,1
44696,37.0459321420683,60.52600385590014,220.97638634786225,906.0993693747104,852.0,89.0,3633.289356329072,83.50484823661336,-1,1
44769,97.0448468459012,104.14284699271212,221.19146878131104,829.9677257809934,971.0,74.0,5109.149397271956,67.83620401470792,-1,1
44775,104.9867507018337,102.66707003280254,313.83360606117947,892.6391502223622,801.0,130.0,5459.311670759367,94.72167412275132,-1,1
44834,99.91897284636572,115.77109611769431,305.36089033987344,694.2475364830948,730.0,65.0,4511.498583275401,85.45315832915853,-1,1
44839,43.53026128972358,48.73504700690084,299.0973917657775,698.1650406985833,1123.0,174.0,3794.483705175447,79.75968332823608,-1,1
44862,92.6697880052624,117.23734971413468,173.01226870777367,665.5043603948648,817.0,189.0,5201.5569458865775,76.36135984764013,-1,1
44875,73.92789826910956,102.36774589807597,230.75071313944505,705.6898483032099,721.0,169.0,4272.816495696249,91.92309010177982,-1,1
44933,90.41457577756212,112.95338407084007,144.94155226912991,581.0863794821762,1142.0,126.0,5436.9256736254265,75.79004289762126,-1,1
44935,99.83349446731908,110.3190819360788,180.31519630318343,634.0081942766188,941.0,143.0,4357.86485907138,82.32206620646028,-1,1
44948,87.32742174636877,113.53278893769742,287.5391378847753,736.7265119692914,975.0,80.0,4283.888929545817,77.05401788321032,-1,1
44972,39.992884731911104,64.54462529439132,213.2842165580535,665.0911491939358,1047.0,139.0,5999.981220999016,72.55345009624013,-1,1
45082,124.51196597944605,99.25864117014233,156.4406233280665,497.10083912531366,811.0,125.0,5504.208370259708,94.35903582709436,-1,1
45107,30.165227734905933,59.16891474755939,265.9325134820806,720.0828057364328,710.0,151.0,4334.889273938743,80.68056977306018,-1,1
45134,97.847436052455,112.04764674562412,166.85355016905885,723.8011346595358,765.0,159.0,3712.7770247262074,91.77545656011428,-1,1
45285,53.31995006898726,73.98424198691738,270.72579252870867,993.9281050657794,1153.0,166.0,4505.849517838622,77.78949145438303,-1,1
45294,47.9857251868231,52.70268231916927,181.19746961515904,568.8336007420955,1048.0,96.0,3573.182415995775,84.06660596464766,-1,1
45329,49.208913314891376,60.766333456715,253.7622783261712,689.6544945416541,1167.0,147.0,5378.784441293959,62.63985937419925,-1,1
45369,70.89605672093344,51.67563260424713,312.1914597314841,404.5602185475602,977.0,181.0,5455.517377421931,84.18272536014244,-1,1
45382,35.25249830148998,70.68608366621996,195.1861815524466,443.620790227181,917.0,93.0,5881.898528820417,79.12218331140168,-1,1
45420,33.23271317076486,77.89815860110221,307.45370441336786,692.6230615393501,847.0,114.0,4555.438229401649,102.87488266972308,-1,1
45434,50.787229712437785,66.4893064386357,220.4432361703782,383.4626835014824,798.0,194.0,4452.0217644359145,75.32734981324754,-1,1
45439,49.69126953303527,60.973556503025705,197.86629316070204,1117.3617887307832,967.0,65.0,4070.77620514878,79.74710331270407,-1,1
45451,32.29236166801296,48.21339036496411,146.70692817131828,774.0425239495263,1111.0,154.0,5039.67410348229,70.1019216168902,-1,1
45463,32.597016935123285,55.03116404373698,315.7375737300033,843.093369462516,763.0,156.0,3191.6408261707984,80.44010595008878,-1,1
45521,94.73423360537116,100.5581243622993,306.3354634308941,777.8693735375032,889.0,129.0,3229.838914635645,65.4700040506089,-1,1
45526,100.88541973689412,101.6804159730308,376.38107376304896,661.9848257732582,1014.0,186.0,4095.973224506417,84.4367940143521,-1,1
45531,90.05654283586364,114.88285059212454,271.1307891254469,597.8348558514795,856.0,181.0,4173.43307448399,91.90587455243218,-1,1
45533,92.88148791897991,106.57007426376586,289.06635296580123,913.9430423354748,882.0,107.0,5384.823265540419,74.28030335160516,-1,1
45662,40.2046860396044,66.78913598231233,217.2970886360336,509.4865254915193,938.0,157.0,4498.322690957426,88.59447867646512,-1,1
45695,100.239020065454,102.55966892852577,328.11630256313174,392.4694627931367,987.0,167.0,4905.385274084259,75.45779745612096,-1,1
45704,89.46166976701494,108.59756768927151,215.21396704043,420.83950438028654,703.0,83.0,3797.699908808548,87.29125542831548,-1,1
45790,67.0295155170782,55.72237105645291,212.63892818430804,1017.5340313759568,969.0,86.0,4668.037372524002,71.62379020328626,-1,1
45802,84.22150846194866,106.68480903123633,339.533000660817,332.8389721012889,1066.0,147.0,4440.851189524475,90.53227810930623,-1,1
45923,51.48550203574863,56.17186488523757,262.3447918493685,746.0185494831632,1021.0,189.0,3630.696935077743,75.34635609365624,-1,1
45966,101.52913328325208,101.65254814829228,374.27447519347527,665.2445335123233,940.0,174.0,5820.040835628316,94.9404052559278,-1,1
46000,100.12030256578304,114.12046404522336,330.59716928170064,1100.8214476670476,1184.0,70.0,5839.526146777718,86.14740882057113,-1,1
46007,90.08898481323068,110.4843267940509,227.85373867308687,710.1999447132968,919.0,136.0,4886.542710354747,87.92611407906507,-1,1
46022,94.7649261803753,98.07376695874378,287.31165114131784,635.7132553403359,1039.0,86.0,5494.684473960013,75.72673957805097,-1,1
46028,94.73407476660722,104.83253818771922,256.502735695195,870.5596028479737,793.0,61.0,3169.1528861498773,76.81192042550279,-1,1
46044,111.7433281571246,106.54363555115656,214.07823344198067,702.978147079809,779.0,105.0,4157.745062727156,83.24742096272918,-1,1
46045,41.096502170287465,59.82009994670135,260.1983928490215,831.7131861319833,763.0,156.0,5590.221912580065,61.34528313957178,-1,1
46050,65.97279900627275,59.08647846476762,261.6767234926391,835.6487362478667,974.0,147.0,4575.29626342799,78.59810033415084,-1,1
46067,36.66694844080752,46.18429533609564,254.5375930608838,761.2130568423607,1085.0,70.0,4302.631535891545,78.40042033735988,-1,1
46130,35.065198596987244,41.86710194298944,281.91875621934287,1055.891914277066,1085.0,168.0,4622.346315190609,79.54882093651386,-1,1
46160,44.51011211791483,54.31871230864242,351.47260516272206,667.7388095167624,793.0,76.0,5247.086967159796,63.00935097214406,-1,1
46237,56.07258549931238,68.71792334218112,214.8725502945555,833.0451735412694,814.0,165.0,3010.362999673528,71.6994405054964,-1,1
46242,96.55355335533564,113.27545220234578,228.1310200056115,729.2151728432533,892.0,113.0,5430.949102346862,104.17128015323006,-1,1
46268,103.82991273269364,110.04927260516284,150.12095263375886,862.8423462897563,1100.0,71.0,3386.787453294265,66.87045323037512,-1,1
46334,94.51438241234608,112.78173612457245,294.36056982412555,506.74276876725656,920.0,63.0,3855.5047167055154,80.86611790745717,-1,1
46358,102.09404817141608,117.24004812271848,241.87544420107716,975.036027713208,798.0,197.0,4248.080692596969,79.09314133522285,-1,1
46378,43.17481706545087,70.56121670814855,247.47092174809032,698.3651452192071,1112.0,158.0,4052.304066215308,70.80407436921041,-1,1
46382,81.51389533817837,114.43609817274856,149.6356935885686,607.6083416633878,1118.0,94.0,4439.242717475141,74.17134018141162,-1,1
46513,86.91232697674205,102.27408259922748,338.562019290802,783.1960855434133,1164.0,141.0,4068.267565508042,81.27162837218323,-1,1
46671,89.88836429583583,108.2528143946342,123.23148289197512,847.6859786033535,971.0,166.0,5045.89642298851,69.63546504413333,-1,1
46740,100.13016457878716,119.38225646311793,209.52397037905197,556.6627646793631,1016.0,64.0,3660.119827077293,96.25392843739412,-1,1
46837,83.584995409901,112.0415856590559,169.18736287129536,521.697706180628,1099.0,160.0,5367.219409979491,90.86980633487742,-1,1
46949,42.897375364111305,68.92703332478573,235.94852697373096,699.0608404786359,1156.0,174.0,3600.5529392118265,85.44072205946277,-1,1
46962,43.42497829742984,67.42956764424403,249.09608401343175,448.74638406634347,835.0,173.0,3402.003969825601,78.3684249883781,-1,1
47077,90.01124347130255,111.92666058324588,240.6450266046716,520.297707692366,915.0,137.0,3333.769193004734,82.16048256045428,-1,1
47115,105.70431936666122,110.80197335777858,307.46424269136656,716.2922946614987,730.0,180.0,4275.722528392352,86.78706662916676,-1,1
47119,91.27507487381484,116.66927920062052,151.68923843350203,692.0913293729063,724.0,175.0,4373.193640381727,71.2876379062652,-1,1
47173,96.1972502865582,113.42763567698591,235.78275210792424,697.5350611776075,1139.0,155.0,5309.845358063831,86.44980179813147,-1,1
47238,95.72787022158532,123.37773075757548,245.16189466991196,735.322349459104,933.0,112.0,4047.3295455312814,71.64788996852512,-1,1
47307,98.72938148027087,99.73222784019538,234.8329744859673,946.5307089018562,906.0,78.0,3206.386458410244,88.67578319301026,-1,1
47397,111.90627969006272,101.01985651882674,298.6256517608064,872.170648190237,796.0,141.0,3863.8099577661887,79.01716775371307,-1,1
47497,104.35449743620497,114.85522315622124,215.42249531970407,766.0517357011498,741.0,60.0,5472.514998874181,75.735278092046,-1,1
47524,38.50073584693212,54.46486312347472,293.7162298034916,694.9079290848583,805.0,61.0,4986.397153938231,89.14161891596572,-1,1
47639,48.45399465997445,69.74326842173771,210.65409734957592,555.6060639687689,979.0,91.0,3775.87148530814,73.62527231737691,-1,1
47650,74.55533100876431,55.82760355668263,287.45565270452886,746.8925404863082,810.0,67.0,5425.674805996764,72.02443143286372,-1,1
47655,87.63211721080842,109.22134840613458,250.07488877007955,675.3562413175079,912.0,75.0,3648.599409006165,83.15358991392502,-1,1
47662,114.19397997115917,105.22629334458313,257.0415944908189,1343.3431866951596,760.0,153.0,5980.837682352945,93.84049517959932,-1,1
47673,91.2223540935848,121.00697983735029,218.9077540987869,660.6135560876104,830.0,154.0,4766.55452417678,84.76770073044636,-1,1
47732,97.13198179915152,97.5488753660746,144.3435925993131,468.64324690168985,792.0,76.0,4279.156624099262,68.77835279200725,-1,1
47745,95.97053328084864,115.61472438334576,228.8019425601253,846.3468233346157,1101.0,159.0,4982.194253815962,61.81102300334572,-1,1
47753,42.73201589447447,54.64290265662651,201.0907519297865,663.9556448295497,1019.0,133.0,3184.020385093473,79.68278700600125,-1,1
47757,51.87464452190044,60.70721381403018,241.09427654849964,816.5753350795636,906.0,160.0,5459.012733332836,84.76127688081013,-1,1
47791,44.76584377867176,67.4604556403017,273.5471602365731,721.0178492337448,734.0,132.0,3477.157384759783,75.14538020644729,-1,1
47883,93.73573400992208,109.0212962251462,333.46777740403786,802.7508774427642,736.0,103.0,4038.258238308419,66.54351476074423,-1,1
47894,93.81833253487268,104.66804072017774,194.36317339027977,896.3096424065636,1008.0,119.0,4303.740060883612,85.76231438729366,-1,1
47900,59.19357803012709,50.901661167668806,252.05996695288923,701.6408337442645,1187.0,71.0,5844.8099330349705,65.62904811104387,-1,1
47955,41.7131323305011,57.63948289988037,98.47305980071854,898.0302517273456,755.0,75.0,3671.8139599814112,91.68338852410278,-1,1
47960,29.975901605875755,63.52470203808563,213.8053424166212,675.304334798382,817.0,124.0,3698.55680287964,66.28074464210724,-1,1
48024,80.73792716456205,102.53686561448907,324.0392572073169,675.5188356239277,1138.0,107.0,5931.473148874897,74.5431953833214,-1,1
48168,98.91927496322548,104.16783851384096,243.1255853613147,813.8424564692905,1124.0,183.0,5128.776640790435,86.22533811758973,-1,1
48183,102.89951590643842,107.12838472732662,213.66960624274572,533.4351912667869,968.0,157.0,4623.014864973506,57.721274125869925,-1,1
48194,84.60257220247959,109.72930965912036,307.7142334772593,756.4500652765889,1181.0,137.0,3709.3988524358856,70.59697622579363,-1,1
48212,98.10396930266234,95.90656007598749,253.99051170390425,664.5206924033968,1154.0,121.0,5348.060540201746,89.20546033980847,-1,1
48258,76.18922995215922,102.23280233151937,295.09246722511364,753.4034137411713,1063.0,159.0,5113.474148212839,72.38253578765938,-1,1
48337,26.766022734741888,66.74376059045007,271.62575860741856,445.263785011826,855.0,151.0,3715.969532651322,76.52754243143617,-1,1
48364,34.29022452586255,52.50229909850691,232.9483006978312,442.3711357903854,937.0,155.0,4435.012780952788,84.58743468776929,-1,1
48391,32.40990014599441,64.49342879258569,175.99165364097405,646.6232756559282,1078.0,193.0,4523.087468065812,73.53688535988601,-1,1
48410,42.91634994651948,51.6077709758119,253.119131285542,969.0474102185829,849.0,104.0,5928.955191527193,84.57810694034957,-1,1
48427,68.07238733895989,54.99043170783101,179.91818736981858,652.6330055483205,912.0,173.0,5394.846925926917,89.58127940303298,-1,1
48577,36.94597504358702,62.83842070794047,226.9216842226741,1030.1890695354498,1066.0,92.0,5431.915097813035,80.6029965827465,-1,1
48602,47.21972201377592,57.90579392008036,322.39667315876693,727.8850508918546,935.0,165.0,5070.423610187354,87.56048477584902,-1,1
48649,37.20085791363719,77.47921548160396,254.8193905310758,765.131660221849,710.0,184.0,3180.665165640348,87.0429938667908,-1,1
48701,47.48605622046972,42.85245061286029,168.01964759156414,502.4392979689995,1015.0,152.0,4248.261668019904,76.83825763503046,-1,1
48719,49.94517703133399,53.03065919962101,107.54077415462656,854.5378098890811,1057.0,199.0,4236.276169279566,82.43288316106987,-1,1
48743,50.804543651517626,49.69852388326379,238.8503152340121,382.6557342268976,1191.0,122.0,3086.1939716824195,87.74975090942954,-1,1
48777,44.110664485352814,56.81100741536768,303.4511420175144,810.6126135933946,927.0,63.0,4148.844025558727,83.93730103501785,-1,1
48845,56.72836278290831,69.47794643696044,263.6412923409379,757.0767877537512,732.0,74.0,3293.42913582237,73.983973698864,-1,1
49017,31.80383251824623,58.51661164122729,294.3294082463915,732.0496826974982,1196.0,146.0,4981.407612964172,79.31399026797602,-1,1
49070,86.51943973724391,108.11352606411856,271.0268438082045,704.4396961857491,827.0,172.0,5021.203501286256,86.67878031370205,-1,1
49110,111.44961330847904,111.16035735279172,195.3832293606229,719.1186116377207,794.0,74.0,5098.524392088619,62.38447536363429,-1,1
49184,85.37367191800351,99.74717011205126,229.2315005778366,627.7867832046461,1180.0,149.0,5633.805748500203,84.96591319694694,-1,1
49192,28.786721561406623,64.5904908697032,272.2725816600876,577.7368482562449,882.0,103.0,3170.1725039669896,60.251620618080175,-1,1
49203,100.98560975735556,112.54310238024492,264.0067777109226,764.6430928386055,1177.0,103.0,5439.340793132401,92.322391740887,-1,1
49283,86.004433287098,111.16651141068223,172.00113392750177,858.1310020952177,799.0,77.0,4702.216509199971,78.22104837698511,-1,1
49354,91.1390384429546,109.84439469577404,307.6401676013099,700.6082090350802,1009.0,106.0,4818.091688951927,67.97868623917347,-1,1
49360,92.4795097951576,113.21879961582184,285.1701092380598,1008.6148778371152,795.0,87.0,4796.17282181544,65.5697802649956,-1,1
49429,93.51914367838545,108.89650823891978,183.08910972523955,803.2990382401308,1039.0,61.0,4465.936415967567,89.0089154951452,-1,1
49458,73.64391265719847,52.82010436640975,254.5998449085904,305.27978659794263,806.0,107.0,5465.251868857185,102.17585259162792,-1,1
49471,114.50029922700278,104.9235949997596,281.02959548763243,917.4038009995976,794.0,108.0,5646.600396296628,72.20848018997499,-1,1
49477,34.83128023549663,64.73681469282667,285.67545514654785,550.2395658385399,797.0,95.0,5879.139982564828,80.57256547754909,-1,1
49539,93.83182727052822,103.28248314436188,292.43356310313374,872.5648142879919,959.0,80.0,3021.045743237976,83.89282336364678,-1,1
49565,90.41958537988302,96.0871819229204,216.00046519861263,897.6960808206744,1032.0,63.0,3575.9631151530048,74.06502484274145,-1,1
49592,98.96490357164151,116.86234354680478,235.1083401282989,445.5866920535157,960.0,146.0,4053.756535440486,70.33485949509344,-1,1
49798,90.39119607622452,110.0325137047022,154.99863470901477,679.7619341928413,970.0,67.0,3865.427836347983,94.12344130821664,-1,1
49828,106.39087534128876,98.81701568172984,318.0590490869865,988.0575127692576,941.0,131.0,3328.391656721473,84.73929017363372,-1,1
49870,90.14705290369857,120.93446721383889,254.74836658157528,606.4379516558138,1186.0,159.0,4169.307647554409,75.75129463123224,-1,1
49996,94.75077121478456,105.44177963902524,261.5658841267308,801.8177490813833,1090.0,95.0,4413.3911137745135,57.29261528193479,-1,1
